,date,team,against,home,goalie,dec,SA,SV,TOI
0,2013-01-25,ANA,VAN,h,Jonas Hiller,L,34,29,59:57
1,2013-01-25,VAN,ANA,@,Cory Schneider,W,30,30,59:36
2,2013-01-26,ANA,NSH,h,Viktor Fasth,W,21,19,64:58
3,2013-01-26,NSH,ANA,@,Pekka Rinne,O,22,20,64:43
4,2013-02-01,ANA,MIN,h,Viktor Fasth,W,27,26,60:00
5,2013-02-01,MIN,ANA,@,Niklas Backstrom,L,31,28,58:47
6,2013-02-02,ANA,LAK,h,Jonas Hiller,W,34,30,60:00
7,2013-02-02,LAK,ANA,@,Jonathan Bernier,L,21,17,53:11
8,2013-02-04,ANA,SJS,h,Viktor Fasth,W,26,25,59:48
9,2013-02-04,SJS,ANA,@,Thomas Greiss,L,32,30,58:43
10,2013-02-18,ANA,CBJ,h,Jonas Hiller,W,27,25,60:00
11,2013-02-18,CBJ,ANA,@,Sergei Bobrovsky,L,29,26,58:49
12,2013-02-24,ANA,COL,h,Jonas Hiller,W,23,20,64:14
13,2013-02-24,COL,ANA,@,Jean-Sebastien Giguere,O,39,35,64:14
14,2013-02-27,ANA,NSH,h,Viktor Fasth,W,21,20,59:40
15,2013-02-27,NSH,ANA,@,Pekka Rinne,L,21,16,40:00
16,2013-03-01,ANA,MIN,h,Jonas Hiller,W,33,31,60:00
17,2013-03-01,MIN,ANA,@,Darcy Kuemper,L,29,26,58:09
18,2013-03-06,ANA,PHX,h,Jonas Hiller,W,18,18,60:00
19,2013-03-06,PHX,ANA,@,Jason LaBarbera,L,23,22,59:34
20,2013-03-08,ANA,CGY,h,Viktor Fasth,W,29,29,59:59
21,2013-03-08,CGY,ANA,@,Miikka Kiprusoff,L,24,20,60:00
22,2013-03-10,ANA,STL,h,Jonas Hiller,W,31,29,60:00
23,2013-03-10,STL,ANA,@,Jaroslav Halak,L,21,18,59:34
24,2013-03-18,ANA,SJS,h,Viktor Fasth,W,35,32,60:00
25,2013-03-18,SJS,ANA,@,Antti Niemi,L,27,23,59:19
26,2013-03-20,ANA,CHI,h,Jonas Hiller,W,24,22,60:00
27,2013-03-20,CHI,ANA,@,Corey Crawford,L,25,22,59:25
28,2013-03-22,ANA,DET,h,Jonas Hiller,\,12,10,36:54
29,2013-03-22,DET,ANA,@,Jimmy Howard,W,34,33,60:00
30,2013-03-24,ANA,DET,h,Jonas Hiller,L,21,19,59:22
31,2013-03-24,DET,ANA,@,Jimmy Howard,W,34,33,59:50
32,2013-03-25,ANA,SJS,h,Viktor Fasth,L,38,34,59:19
33,2013-03-25,SJS,ANA,@,Antti Niemi,W,27,24,60:00
34,2013-04-03,ANA,DAL,h,Viktor Fasth,W,25,23,59:48
35,2013-04-03,DAL,ANA,@,Kari Lehtonen,L,26,22,59:14
36,2013-04-05,ANA,DAL,h,Viktor Fasth,L,25,22,59:55
37,2013-04-05,DAL,ANA,@,Kari Lehtonen,W,28,27,59:35
38,2013-04-07,ANA,LAK,h,Viktor Fasth,W,38,35,65:00
39,2013-04-07,LAK,ANA,@,Jonathan Bernier,O,22,19,64:20
40,2013-04-08,ANA,EDM,h,Jonas Hiller,W,28,27,60:00
41,2013-04-08,EDM,ANA,@,Devan Dubnyk,L,38,36,58:48
42,2013-04-10,ANA,COL,h,Jonas Hiller,L,16,12,40:00
43,2013-04-10,COL,ANA,@,Jean-Sebastien Giguere,W,22,21,60:00
44,2013-04-17,ANA,CBJ,h,Viktor Fasth,O,28,25,62:17
45,2013-04-17,CBJ,ANA,@,Sergei Bobrovsky,W,28,26,61:49
46,2013-04-27,ANA,PHX,h,Viktor Fasth,L,30,26,58:17
47,2013-04-27,PHX,ANA,@,Jason LaBarbera,W,46,43,60:00
48,2013-01-22,COL,LAK,h,Semyon Varlamov,W,29,28,60:00
49,2013-01-22,LAK,COL,@,Jonathan Quick,L,31,28,58:00
50,2013-01-24,COL,CBJ,h,Semyon Varlamov,W,33,33,60:00
51,2013-01-24,CBJ,COL,@,Sergei Bobrovsky,L,28,24,60:00
52,2013-02-02,COL,EDM,h,Semyon Varlamov,W,26,25,59:56
53,2013-02-02,EDM,COL,@,Devan Dubnyk,L,39,37,57:53
54,2013-02-04,COL,DAL,h,Semyon Varlamov,L,26,23,59:03
55,2013-02-04,DAL,COL,@,Kari Lehtonen,W,31,29,59:20
56,2013-02-06,COL,ANA,h,Semyon Varlamov,L,20,17,60:00
57,2013-02-06,ANA,COL,@,Viktor Fasth,W,31,31,59:57
58,2013-02-11,COL,PHX,h,Semyon Varlamov,O,30,27,64:01
59,2013-02-11,PHX,COL,@,Mike Smith,W,43,41,64:01
60,2013-02-18,COL,NSH,h,Semyon Varlamov,W,38,33,60:00
61,2013-02-18,NSH,COL,@,Chris Mason,L,18,12,33:17
62,2013-02-20,COL,STL,h,Semyon Varlamov,W,33,33,64:43
63,2013-02-20,STL,COL,@,Jaroslav Halak,O,20,19,64:43
64,2013-02-28,COL,CGY,h,Semyon Varlamov,W,23,19,60:00
65,2013-02-28,CGY,COL,@,Joey MacDonald,L,36,31,58:31
66,2013-03-08,COL,CHI,h,Semyon Varlamov,W,33,31,60:00
67,2013-03-08,CHI,COL,@,Corey Crawford,L,19,14,39:58
68,2013-03-10,COL,SJS,h,Semyon Varlamov,W,38,36,64:59
69,2013-03-10,SJS,COL,@,Antti Niemi,O,42,39,64:59
70,2013-03-12,COL,EDM,h,Semyon Varlamov,L,32,28,60:00
71,2013-03-12,EDM,COL,@,Devan Dubnyk,W,35,35,60:00
72,2013-03-16,COL,MIN,h,Semyon Varlamov,L,14,12,38:29
73,2013-03-16,MIN,COL,@,Niklas Backstrom,W,32,28,59:58
74,2013-03-18,COL,CHI,h,Semyon Varlamov,L,32,27,60:00
75,2013-03-18,CHI,COL,@,Ray Emery,W,19,17,60:00
76,2013-03-20,COL,DAL,h,Semyon Varlamov,W,32,29,60:00
77,2013-03-20,DAL,COL,@,Kari Lehtonen,L,34,30,59:06
78,2013-03-24,COL,VAN,h,Jean-Sebastien Giguere,L,30,27,59:12
79,2013-03-24,VAN,COL,@,Cory Schneider,W,28,26,60:00
80,2013-03-30,COL,NSH,h,Semyon Varlamov,W,34,34,60:50
81,2013-03-30,NSH,COL,@,Pekka Rinne,O,24,23,60:42
82,2013-04-05,COL,DET,h,Jean-Sebastien Giguere,O,31,28,64:42
83,2013-04-05,DET,COL,@,Jimmy Howard,W,35,33,64:22
84,2013-04-08,COL,CGY,h,Jean-Sebastien Giguere,L,34,31,57:52
85,2013-04-08,CGY,COL,@,Joey MacDonald,W,40,39,60:00
86,2013-04-13,COL,VAN,h,Jean-Sebastien Giguere,W,27,24,60:00
87,2013-04-13,VAN,COL,@,Cory Schneider,L,26,22,59:57
88,2013-04-15,COL,CBJ,h,Jean-Sebastien Giguere,O,30,26,64:29
89,2013-04-15,CBJ,COL,@,Sergei Bobrovsky,W,32,29,64:21
90,2013-04-19,COL,EDM,h,Semyon Varlamov,L,24,20,56:41
91,2013-04-19,EDM,COL,@,Devan Dubnyk,W,34,33,60:00
92,2013-04-21,COL,STL,h,Jean-Sebastien Giguere,W,32,29,60:00
93,2013-04-21,STL,COL,@,Brian Elliott,L,19,15,37:23
94,2013-04-27,COL,MIN,h,Semyon Varlamov,L,32,30,58:22
95,2013-04-27,MIN,COL,@,Niklas Backstrom,W,30,29,60:00
96,2013-01-21,CBJ,DET,h,Sergei Bobrovsky,O,42,39,64:48
97,2013-01-21,DET,CBJ,@,Jimmy Howard,W,33,30,65:00
98,2013-01-26,CBJ,CHI,h,Steve Mason,L,24,21,58:23
99,2013-01-26,CHI,CBJ,@,Corey Crawford,W,26,24,59:45
100,2013-01-28,CBJ,DAL,h,Sergei Bobrovsky,W,25,24,60:00
101,2013-01-28,DAL,CBJ,@,Kari Lehtonen,L,27,25,59:16
102,2013-01-31,CBJ,STL,h,Steve Mason,\,13,13,45:20
103,2013-01-31,STL,CBJ,@,Brian Elliott,W,25,24,60:00
104,2013-02-02,CBJ,DET,h,Steve Mason,W,34,32,60:00
105,2013-02-02,DET,CBJ,@,Jimmy Howard,L,28,24,60:00
106,2013-02-05,CBJ,LAK,h,Steve Mason,L,31,27,58:01
107,2013-02-05,LAK,CBJ,@,Jonathan Quick,W,20,18,60:00
108,2013-02-07,CBJ,CGY,h,Sergei Bobrovsky,O,30,26,61:05
109,2013-02-07,CGY,CBJ,@,Leland Irving,W,29,26,60:57
110,2013-02-10,CBJ,EDM,h,Sergei Bobrovsky,L,13,11,58:39
111,2013-02-10,EDM,CBJ,@,Devan Dubnyk,W,40,39,60:00
112,2013-02-11,CBJ,SJS,h,Steve Mason,W,27,25,59:54
113,2013-02-11,SJS,CBJ,@,Thomas Greiss,L,36,30,60:00
114,2013-02-26,CBJ,DAL,h,Sergei Bobrovsky,O,39,34,63:03
115,2013-02-26,DAL,CBJ,@,Richard Bachman,W,20,16,63:03
116,2013-03-03,CBJ,COL,h,Sergei Bobrovsky,W,19,18,62:26
117,2013-03-03,COL,CBJ,@,Semyon Varlamov,O,34,32,62:26
118,2013-03-05,CBJ,EDM,h,Sergei Bobrovsky,W,21,21,44:29
119,2013-03-05,EDM,CBJ,@,Devan Dubnyk,O,38,35,64:45
120,2013-03-07,CBJ,VAN,h,Sergei Bobrovsky,W,35,34,64:03
121,2013-03-07,VAN,CBJ,@,Cory Schneider,O,27,25,64:03
122,2013-03-09,CBJ,DET,h,Sergei Bobrovsky,W,30,30,59:45
123,2013-03-09,DET,CBJ,@,Jonas Gustavsson,L,24,21,60:00
124,2013-03-12,CBJ,VAN,h,Sergei Bobrovsky,O,38,37,65:00
125,2013-03-12,VAN,CBJ,@,Roberto Luongo,W,27,26,65:00
126,2013-03-14,CBJ,CHI,h,Sergei Bobrovsky,O,40,39,65:00
127,2013-03-14,CHI,CBJ,@,Corey Crawford,W,30,29,65:00
128,2013-03-16,CBJ,PHX,h,Sergei Bobrovsky,W,39,39,64:13
129,2013-03-16,PHX,CBJ,@,Mike Smith,O,23,23,65:00
130,2013-03-19,CBJ,NSH,h,Sergei Bobrovsky,W,35,32,59:30
131,2013-03-19,NSH,CBJ,@,Pekka Rinne,L,31,27,58:21
132,2013-03-22,CBJ,CGY,h,Sergei Bobrovsky,W,25,24,60:00
133,2013-03-22,CGY,CBJ,@,Miikka Kiprusoff,L,28,23,59:57
134,2013-03-31,CBJ,ANA,h,Sergei Bobrovsky,W,30,29,64:00
135,2013-03-31,ANA,CBJ,@,Jonas Hiller,O,18,16,64:00
136,2013-04-07,CBJ,MIN,h,Sergei Bobrovsky,L,24,21,60:00
137,2013-04-07,MIN,CBJ,@,Niklas Backstrom,W,24,24,60:00
138,2013-04-09,CBJ,SJS,h,Sergei Bobrovsky,W,30,30,60:00
139,2013-04-09,SJS,CBJ,@,Antti Niemi,L,26,22,47:05
140,2013-04-12,CBJ,STL,h,Sergei Bobrovsky,W,32,31,60:00
141,2013-04-12,STL,CBJ,@,Jake Allen,L,19,15,60:00
142,2013-04-27,CBJ,NSH,h,Sergei Bobrovsky,W,20,19,60:00
143,2013-04-27,NSH,CBJ,@,Chris Mason,L,46,44,59:08
144,2013-01-19,BOS,NYR,h,Tuukka Rask,W,21,20,59:56
145,2013-01-19,NYR,BOS,@,Henrik Lundqvist,L,34,31,59:10
146,2013-01-21,BOS,WPG,h,Tuukka Rask,W,27,26,65:00
147,2013-01-21,WPG,BOS,@,Ondrej Pavelec,O,27,26,64:49
148,2013-01-25,BOS,NYI,h,Tuukka Rask,W,26,24,60:00
149,2013-01-25,NYI,BOS,@,Rick DiPietro,L,27,23,57:58
150,2013-01-29,BOS,NJD,h,Tuukka Rask,W,26,25,65:00
151,2013-01-29,NJD,BOS,@,Johan Hedberg,O,28,27,64:53
152,2013-01-31,BOS,BUF,h,Tuukka Rask,L,31,25,58:49
153,2013-01-31,BUF,BOS,@,Ryan Miller,W,42,38,59:56
154,2013-02-12,BOS,NYR,h,Tuukka Rask,O,29,26,63:29
155,2013-02-12,NYR,BOS,@,Henrik Lundqvist,W,40,37,64:28
156,2013-02-28,BOS,OTT,h,Tuukka Rask,W,31,30,63:38
157,2013-02-28,OTT,BOS,@,Robin Lehner,O,46,44,63:38
158,2013-03-02,BOS,TBL,h,Anton Khudobin,W,22,20,60:00
159,2013-03-02,TBL,BOS,@,Mathieu Garon,L,27,24,58:10
160,2013-03-03,BOS,MTL,h,Tuukka Rask,L,26,22,58:50
161,2013-03-03,MTL,BOS,@,Peter Budaj,W,34,31,59:53
162,2013-03-07,BOS,TOR,h,Anton Khudobin,W,27,25,60:00
163,2013-03-07,TOR,BOS,@,Ben Scrivens,L,24,21,58:48
164,2013-03-09,BOS,PHI,h,Tuukka Rask,W,23,23,59:47
165,2013-03-09,PHI,BOS,@,Ilya Bryzgalov,L,28,25,60:00
166,2013-03-14,BOS,FLA,h,Tuukka Rask,W,30,29,60:00
167,2013-03-14,FLA,BOS,@,Scott Clemmensen,L,31,28,59:25
168,2013-03-16,BOS,WSH,h,Anton Khudobin,W,33,32,60:00
169,2013-03-16,WSH,BOS,@,Michal Neuvirth,L,38,34,60:00
170,2013-03-25,BOS,TOR,h,Tuukka Rask,W,25,23,65:00
171,2013-03-25,TOR,BOS,@,James Reimer,O,29,27,65:00
172,2013-03-27,BOS,MTL,h,Tuukka Rask,O,28,23,65:00
173,2013-03-27,MTL,BOS,@,Carey Price,\,26,22,39:58
174,2013-04-02,BOS,OTT,h,Anton Khudobin,W,47,45,60:00
175,2013-04-02,OTT,BOS,@,Robin Lehner,L,50,47,59:13
176,2013-04-04,BOS,NJD,h,Tuukka Rask,W,40,40,60:00
177,2013-04-04,NJD,BOS,@,Martin Brodeur,L,26,25,58:38
178,2013-04-08,BOS,CAR,h,Tuukka Rask,W,42,40,60:00
179,2013-04-08,CAR,BOS,@,Dan Ellis,L,32,28,51:59
180,2013-04-11,BOS,NYI,h,Tuukka Rask,L,36,34,58:37
181,2013-04-11,NYI,BOS,@,Evgeni Nabokov,W,31,30,60:00
182,2013-04-17,BOS,BUF,h,Anton Khudobin,O,32,30,65:00
183,2013-04-17,BUF,BOS,@,Ryan Miller,W,43,41,64:11
184,2013-04-20,BOS,PIT,h,Tuukka Rask,L,24,21,58:39
185,2013-04-20,PIT,BOS,@,Tomas Vokoun,W,40,38,60:00
186,2013-04-21,BOS,FLA,h,Tuukka Rask,W,28,28,60:00
187,2013-04-21,FLA,BOS,@,Jacob Markstrom,L,38,36,59:30
188,2013-04-25,BOS,TBL,h,Tuukka Rask,W,30,30,60:00
189,2013-04-25,TBL,BOS,@,Anders Lindback,L,24,22,59:09
190,2013-04-28,BOS,OTT,h,Tuukka Rask,L,21,18,59:48
191,2013-04-28,OTT,BOS,@,Robin Lehner,W,36,34,60:00
192,2013-01-20,BUF,PHI,h,Ryan Miller,W,29,27,59:58
193,2013-01-20,PHI,BUF,@,Ilya Bryzgalov,L,40,36,59:07
194,2013-01-25,BUF,CAR,h,Ryan Miller,L,41,39,59:42
195,2013-01-25,CAR,BUF,@,Dan Ellis,W,41,40,60:00
196,2013-01-29,BUF,TOR,h,Ryan Miller,O,24,20,64:58
197,2013-01-29,TOR,BUF,@,James Reimer,W,32,29,64:58
198,2013-02-03,BUF,FLA,h,Ryan Miller,L,33,29,59:39
199,2013-02-03,FLA,BUF,@,Jose Theodore,W,20,17,60:00
200,2013-02-07,BUF,MTL,h,Ryan Miller,W,32,28,63:31
201,2013-02-07,MTL,BUF,@,Peter Budaj,O,40,36,64:50
202,2013-02-10,BUF,BOS,h,Ryan Miller,L,38,36,59:01
203,2013-02-10,BOS,BUF,@,Anton Khudobin,W,26,25,60:00
204,2013-02-15,BUF,BOS,h,Ryan Miller,W,32,30,60:00
205,2013-02-15,BOS,BUF,@,Anton Khudobin,L,26,22,58:19
206,2013-02-17,BUF,PIT,h,Ryan Miller,L,35,31,59:17
207,2013-02-17,PIT,BUF,@,Marc-Andre Fleury,W,33,30,59:40
208,2013-02-19,BUF,WPG,h,Ryan Miller,L,28,26,58:17
209,2013-02-19,WPG,BUF,@,Ondrej Pavelec,W,30,29,60:00
210,2013-02-23,BUF,NYI,h,Ryan Miller,L,32,28,60:00
211,2013-02-23,NYI,BUF,@,Evgeni Nabokov,W,35,35,60:00
212,2013-03-02,BUF,NJD,h,Ryan Miller,W,31,28,64:58
213,2013-03-02,NJD,BUF,@,Johan Hedberg,O,23,20,65:00
214,2013-03-12,BUF,NYR,h,Jhonas Enroth,W,33,32,60:00
215,2013-03-12,NYR,BUF,@,Henrik Lundqvist,L,22,19,57:56
216,2013-03-16,BUF,OTT,h,Ryan Miller,O,34,30,63:54
217,2013-03-16,OTT,BUF,@,Ben Bishop,W,36,33,63:54
218,2013-03-21,BUF,TOR,h,Ryan Miller,W,34,30,64:38
219,2013-03-21,TOR,BUF,@,James Reimer,O,36,32,65:00
220,2013-03-30,BUF,WSH,h,Jhonas Enroth,O,38,35,65:00
221,2013-03-30,WSH,BUF,@,Braden Holtby,W,23,20,64:19
222,2013-03-31,BUF,BOS,h,Ryan Miller,L,31,29,57:53
223,2013-03-31,BOS,BUF,@,Anton Khudobin,W,26,26,60:00
224,2013-04-05,BUF,OTT,h,Ryan Miller,W,37,35,60:00
225,2013-04-05,OTT,BUF,@,Robin Lehner,L,30,26,57:39
226,2013-04-07,BUF,NJD,h,Ryan Miller,W,39,37,65:00
227,2013-04-07,NJD,BUF,@,Martin Brodeur,O,26,24,65:00
228,2013-04-11,BUF,MTL,h,Ryan Miller,L,32,28,40:00
229,2013-04-11,MTL,BUF,@,Peter Budaj,W,15,14,59:32
230,2013-04-13,BUF,PHI,h,Jhonas Enroth,W,29,29,60:00
231,2013-04-13,PHI,BUF,@,Steve Mason,L,21,20,58:27
232,2013-04-14,BUF,TBL,h,Jhonas Enroth,W,33,32,59:57
233,2013-04-14,TBL,BUF,@,Mathieu Garon,L,22,19,58:00
234,2013-04-19,BUF,NYR,h,Jhonas Enroth,L,15,11,38:47
235,2013-04-19,NYR,BUF,@,Henrik Lundqvist,W,28,24,60:00
236,2013-04-22,BUF,WPG,h,Jhonas Enroth,L,39,37,59:08
237,2013-04-22,WPG,BUF,@,Ondrej Pavelec,W,25,24,60:00
238,2013-04-26,BUF,NYI,h,Ryan Miller,W,31,30,65:00
239,2013-04-26,NYI,BUF,@,Evgeni Nabokov,O,22,21,64:43
240,2013-01-20,CGY,SJS,h,Miikka Kiprusoff,L,29,25,59:56
241,2013-01-20,SJS,CGY,@,Antti Niemi,W,32,31,59:49
242,2013-01-21,CGY,ANA,h,Miikka Kiprusoff,L,24,19,59:08
243,2013-01-21,ANA,CGY,@,Jonas Hiller,W,25,21,60:00
244,2013-01-26,CGY,EDM,h,Miikka Kiprusoff,W,20,17,59:39
245,2013-01-26,EDM,CGY,@,Devan Dubnyk,L,35,31,58:10
246,2013-01-31,CGY,COL,h,Miikka Kiprusoff,L,21,16,59:44
247,2013-01-31,COL,CGY,@,Jean-Sebastien Giguere,W,28,25,60:00
248,2013-02-02,CGY,CHI,h,Miikka Kiprusoff,O,19,17,65:00
249,2013-02-02,CHI,CGY,@,Ray Emery,W,47,45,64:36
250,2013-02-11,CGY,MIN,h,Leland Irving,O,24,23,65:00
251,2013-02-11,MIN,CGY,@,Niklas Backstrom,W,24,23,65:00
252,2013-02-13,CGY,DAL,h,Leland Irving,W,34,30,60:00
253,2013-02-13,DAL,CGY,@,Richard Bachman,L,22,16,59:42
254,2013-02-15,CGY,STL,h,Joey MacDonald,L,21,18,55:53
255,2013-02-15,STL,CGY,@,Jake Allen,W,32,30,60:00
256,2013-02-20,CGY,LAK,h,Joey MacDonald,L,33,30,58:49
257,2013-02-20,LAK,CGY,@,Jonathan Bernier,W,27,26,60:00
258,2013-02-23,CGY,MIN,h,Joey MacDonald,W,31,30,59:58
259,2013-02-23,MIN,CGY,@,Niklas Backstrom,L,26,24,58:45
260,2013-02-24,CGY,PHX,h,Joey MacDonald,W,27,23,59:56
261,2013-02-24,PHX,CGY,@,Mike Smith,L,31,26,59:33
262,2013-03-03,CGY,VAN,h,Daniel Taylor,W,31,29,60:00
263,2013-03-03,VAN,CGY,@,Roberto Luongo,L,24,21,59:13
264,2013-03-06,CGY,SJS,h,Miikka Kiprusoff,W,33,32,60:00
265,2013-03-06,SJS,CGY,@,Thomas Greiss,L,25,22,58:16
266,2013-03-13,CGY,DET,h,Miikka Kiprusoff,W,38,36,59:51
267,2013-03-13,DET,CGY,@,Jonas Gustavsson,L,22,17,60:00
268,2013-03-15,CGY,NSH,h,Miikka Kiprusoff,W,20,17,60:00
269,2013-03-15,NSH,CGY,@,Chris Mason,L,19,16,50:52
270,2013-03-24,CGY,STL,h,Miikka Kiprusoff,W,38,36,60:00
271,2013-03-24,STL,CGY,@,Jaroslav Halak,L,17,14,59:01
272,2013-03-27,CGY,COL,h,Joey MacDonald,W,30,27,60:00
273,2013-03-27,COL,CGY,@,Semyon Varlamov,L,27,23,58:31
274,2013-03-29,CGY,CBJ,h,Miikka Kiprusoff,L,20,15,40:00
275,2013-03-29,CBJ,CGY,@,Steve Mason,W,33,29,60:00
276,2013-04-03,CGY,EDM,h,Joey MacDonald,L,39,31,60:00
277,2013-04-03,EDM,CGY,@,Devan Dubnyk,W,21,19,60:00
278,2013-04-10,CGY,VAN,h,Miikka Kiprusoff,L,29,25,59:35
279,2013-04-10,VAN,CGY,@,Roberto Luongo,W,41,40,60:00
280,2013-04-12,CGY,PHX,h,Joey MacDonald,W,31,29,64:36
281,2013-04-12,PHX,CGY,@,Mike Smith,O,25,22,64:36
282,2013-04-15,CGY,MIN,h,Joey MacDonald,L,27,23,58:44
283,2013-04-15,MIN,CGY,@,Niklas Backstrom,W,23,20,60:00
284,2013-04-17,CGY,DET,h,Miikka Kiprusoff,W,38,36,60:00
285,2013-04-17,DET,CGY,@,Jimmy Howard,L,17,14,58:54
286,2013-04-19,CGY,ANA,h,Miikka Kiprusoff,W,33,32,60:00
287,2013-04-19,ANA,CGY,@,Jonas Hiller,L,30,28,58:58
288,2013-01-22,CAR,TBL,h,Cam Ward,L,26,22,60:00
289,2013-01-22,TBL,CAR,@,Mathieu Garon,W,36,35,59:50
290,2013-01-24,CAR,BUF,h,Cam Ward,W,33,30,59:48
291,2013-01-24,BUF,CAR,@,Jhonas Enroth,L,37,32,59:55
292,2013-01-28,CAR,BOS,h,Cam Ward,L,37,33,59:46
293,2013-01-28,BOS,CAR,@,Anton Khudobin,W,32,29,60:00
294,2013-02-01,CAR,OTT,h,Dan Ellis,W,33,33,59:51
295,2013-02-01,OTT,CAR,@,Craig Anderson,L,35,34,58:40
296,2013-02-14,CAR,TOR,h,Dan Ellis,W,23,22,60:00
297,2013-02-14,TOR,CAR,@,Ben Scrivens,L,33,30,57:35
298,2013-02-21,CAR,WPG,h,Cam Ward,L,23,19,59:44
299,2013-02-21,WPG,CAR,@,Ondrej Pavelec,W,30,27,59:27
300,2013-02-23,CAR,TBL,h,Dan Ellis,L,39,34,60:00
301,2013-02-23,TBL,CAR,@,Mathieu Garon,W,34,32,59:51
302,2013-02-28,CAR,PIT,h,Cam Ward,W,27,26,60:00
303,2013-02-28,PIT,CAR,@,Marc-Andre Fleury,L,29,25,58:34
304,2013-03-02,CAR,FLA,h,Cam Ward,W,24,22,60:00
305,2013-03-02,FLA,CAR,@,Scott Clemmensen,L,33,27,57:38
306,2013-03-05,CAR,BUF,h,Justin Peters,W,40,37,60:00
307,2013-03-05,BUF,CAR,@,Ryan Miller,L,28,24,59:29
308,2013-03-07,CAR,MTL,h,Justin Peters,L,28,24,58:54
309,2013-03-07,MTL,CAR,@,Carey Price,W,43,41,59:59
310,2013-03-09,CAR,NJD,h,Dan Ellis,W,34,31,60:00
311,2013-03-09,NJD,CAR,@,Johan Hedberg,L,18,13,40:00
312,2013-03-14,CAR,WSH,h,Dan Ellis,L,25,22,58:30
313,2013-03-14,WSH,CAR,@,Michal Neuvirth,W,38,36,60:00
314,2013-03-19,CAR,FLA,h,Dan Ellis,L,43,40,59:00
315,2013-03-19,FLA,CAR,@,Jacob Markstrom,W,34,33,60:00
316,2013-03-21,CAR,NJD,h,Dan Ellis,L,22,18,59:09
317,2013-03-21,NJD,CAR,@,Martin Brodeur,W,18,17,60:00
318,2013-03-26,CAR,WPG,h,Justin Peters,L,35,31,60:00
319,2013-03-26,WPG,CAR,@,Ondrej Pavelec,W,39,38,59:51
320,2013-04-02,CAR,WSH,h,Justin Peters,L,12,10,33:44
321,2013-04-02,WSH,CAR,@,Braden Holtby,W,34,31,60:00
322,2013-04-04,CAR,TBL,h,Dan Ellis,L,30,25,60:00
323,2013-04-04,TBL,CAR,@,Ben Bishop,W,45,45,59:43
324,2013-04-06,CAR,NYR,h,Dan Ellis,L,30,27,39:20
325,2013-04-06,NYR,CAR,@,Henrik Lundqvist,W,49,48,60:00
326,2013-04-09,CAR,PIT,h,Justin Peters,L,32,28,58:57
327,2013-04-09,PIT,CAR,@,Marc-Andre Fleury,W,28,25,59:55
328,2013-04-13,CAR,BOS,h,Justin Peters,W,30,28,59:58
329,2013-04-13,BOS,CAR,@,Tuukka Rask,L,37,34,59:44
330,2013-04-20,CAR,PHI,h,Justin Peters,L,38,33,58:05
331,2013-04-20,PHI,CAR,@,Steve Mason,W,29,26,60:00
332,2013-04-23,CAR,NYI,h,Dan Ellis,W,39,36,65:00
333,2013-04-23,NYI,CAR,@,Evgeni Nabokov,O,32,29,65:00
334,2013-04-25,CAR,NYR,h,Dan Ellis,O,38,34,62:55
335,2013-04-25,NYR,CAR,@,Henrik Lundqvist,W,21,18,62:55
336,2013-01-22,CHI,STL,h,Corey Crawford,W,34,32,60:00
337,2013-01-22,STL,CHI,@,Brian Elliott,L,27,24,58:56
338,2013-01-27,CHI,DET,h,Corey Crawford,W,30,29,62:45
339,2013-01-27,DET,CHI,@,Jimmy Howard,O,27,25,62:45
340,2013-02-12,CHI,ANA,h,Corey Crawford,O,31,29,65:00
341,2013-02-12,ANA,CHI,@,Viktor Fasth,W,30,28,65:00
342,2013-02-15,CHI,SJS,h,Ray Emery,W,28,27,59:49
343,2013-02-15,SJS,CHI,@,Antti Niemi,L,37,33,59:51
344,2013-02-17,CHI,LAK,h,Ray Emery,W,27,25,60:00
345,2013-02-17,LAK,CHI,@,Jonathan Quick,L,37,34,58:50
346,2013-02-19,CHI,VAN,h,Ray Emery,W,32,29,65:00
347,2013-02-19,VAN,CHI,@,Cory Schneider,O,43,40,64:21
348,2013-02-22,CHI,SJS,h,Ray Emery,W,27,26,60:00
349,2013-02-22,SJS,CHI,@,Antti Niemi,L,34,32,58:38
350,2013-02-24,CHI,CBJ,h,Corey Crawford,W,28,28,60:00
351,2013-02-24,CBJ,CHI,@,Steve Mason,L,27,26,59:27
352,2013-02-25,CHI,EDM,h,Ray Emery,W,19,17,61:44
353,2013-02-25,EDM,CHI,@,Nikolai Khabibulin,O,34,31,61:39
354,2013-03-01,CHI,CBJ,h,Ray Emery,W,22,19,63:23
355,2013-03-01,CBJ,CHI,@,Steve Mason,O,35,31,63:19
356,2013-03-05,CHI,MIN,h,Corey Crawford,W,23,20,60:00
357,2013-03-05,MIN,CHI,@,Darcy Kuemper,\,15,14,38:42
358,2013-03-06,CHI,COL,h,Ray Emery,W,22,20,60:00
359,2013-03-06,COL,CHI,@,Semyon Varlamov,L,32,29,59:25
360,2013-03-10,CHI,EDM,h,Corey Crawford,L,16,13,49:19
361,2013-03-10,EDM,CHI,@,Yann Danis,W,24,21,30:15
362,2013-03-25,CHI,LAK,h,Corey Crawford,L,36,31,58:44
363,2013-03-25,LAK,CHI,@,Jonathan Quick,W,25,21,59:42
364,2013-03-26,CHI,CGY,h,Ray Emery,W,16,16,60:00
365,2013-03-26,CGY,CHI,@,Miikka Kiprusoff,L,35,33,58:29
366,2013-03-29,CHI,ANA,h,Ray Emery,L,24,22,58:34
367,2013-03-29,ANA,CHI,@,Jonas Hiller,W,26,25,60:00
368,2013-04-01,CHI,NSH,h,Corey Crawford,W,27,25,65:00
369,2013-04-01,NSH,CHI,@,Pekka Rinne,O,40,38,65:00
370,2013-04-04,CHI,STL,h,Corey Crawford,O,22,19,65:00
371,2013-04-04,STL,CHI,@,Brian Elliott,W,36,33,65:00
372,2013-04-07,CHI,NSH,h,Ray Emery,W,22,19,60:00
373,2013-04-07,NSH,CHI,@,Pekka Rinne,L,39,35,59:25
374,2013-04-12,CHI,DET,h,Corey Crawford,W,29,27,65:00
375,2013-04-12,DET,CHI,@,Jimmy Howard,O,28,26,64:48
376,2013-04-15,CHI,DAL,h,Ray Emery,W,18,16,59:52
377,2013-04-15,DAL,CHI,@,Richard Bachman,L,27,23,57:38
378,2013-04-19,CHI,NSH,h,Corey Crawford,W,27,23,60:30
379,2013-04-19,NSH,CHI,@,Pekka Rinne,O,30,25,60:49
380,2013-04-20,CHI,PHX,h,Corey Crawford,O,31,29,64:58
381,2013-04-20,PHX,CHI,@,Mike Smith,W,38,36,65:00
382,2013-04-26,CHI,CGY,h,Corey Crawford,W,26,25,60:00
383,2013-04-26,CGY,CHI,@,Joey MacDonald,L,38,35,59:17
384,2013-01-19,DAL,PHX,h,Kari Lehtonen,W,40,37,59:55
385,2013-01-19,PHX,DAL,@,Mike Smith,L,26,22,58:53
386,2013-01-24,DAL,CHI,h,Kari Lehtonen,O,41,38,61:41
387,2013-01-24,CHI,DAL,@,Corey Crawford,W,23,21,61:41
388,2013-01-26,DAL,STL,h,Cristopher Nilstorp,L,29,25,52:01
389,2013-01-26,STL,DAL,@,Jaroslav Halak,W,23,20,60:00
390,2013-02-01,DAL,PHX,h,Kari Lehtonen,W,34,31,64:42
391,2013-02-01,PHX,DAL,@,Mike Smith,O,24,21,65:00
392,2013-02-08,DAL,ANA,h,Kari Lehtonen,W,21,20,60:00
393,2013-02-08,ANA,DAL,@,Viktor Fasth,\,12,11,38:50
394,2013-02-17,DAL,CGY,h,Richard Bachman,L,26,22,58:24
395,2013-02-17,CGY,DAL,@,Joey MacDonald,W,30,27,59:56
396,2013-02-21,DAL,VAN,h,Cristopher Nilstorp,L,22,18,60:00
397,2013-02-21,VAN,DAL,@,Cory Schneider,W,25,22,60:00
398,2013-02-23,DAL,SJS,h,Cristopher Nilstorp,W,32,31,60:00
399,2013-02-23,SJS,DAL,@,Antti Niemi,L,28,25,58:35
400,2013-02-28,DAL,EDM,h,Kari Lehtonen,L,38,33,59:57
401,2013-02-28,EDM,DAL,@,Devan Dubnyk,W,34,33,60:00
402,2013-03-03,DAL,STL,h,Kari Lehtonen,W,26,25,60:00
403,2013-03-03,STL,DAL,@,Brian Elliott,L,27,23,59:08
404,2013-03-12,DAL,NSH,h,Kari Lehtonen,L,21,17,60:00
405,2013-03-12,NSH,DAL,@,Pekka Rinne,W,32,32,60:00
406,2013-03-14,DAL,ANA,h,Kari Lehtonen,O,30,29,65:00
407,2013-03-14,ANA,DAL,@,Jonas Hiller,W,34,33,65:00
408,2013-03-16,DAL,CHI,h,Richard Bachman,\,17,13,31:59
409,2013-03-16,CHI,DAL,@,Corey Crawford,W,19,18,60:00
410,2013-03-18,DAL,CGY,h,Kari Lehtonen,W,19,16,60:00
411,2013-03-18,CGY,DAL,@,Joey MacDonald,L,24,20,58:35
412,2013-03-23,DAL,COL,h,Kari Lehtonen,W,35,33,60:00
413,2013-03-23,COL,DAL,@,Jean-Sebastien Giguere,\,16,15,35:23
414,2013-03-25,DAL,MIN,h,Kari Lehtonen,L,41,35,59:12
415,2013-03-25,MIN,DAL,@,Niklas Backstrom,W,26,22,60:00
416,2013-03-29,DAL,MIN,h,Kari Lehtonen,\,33,30,57:28
417,2013-03-29,MIN,DAL,@,Matt Hackett,L,33,28,59:12
418,2013-03-31,DAL,LAK,h,Kari Lehtonen,L,40,37,59:03
419,2013-03-31,LAK,DAL,@,Jonathan Bernier,W,15,13,59:57
420,2013-04-01,DAL,ANA,h,Kari Lehtonen,L,29,26,59:15
421,2013-04-01,ANA,DAL,@,Viktor Fasth,W,26,26,60:00
422,2013-04-09,DAL,LAK,h,Richard Bachman,W,22,22,45:42
423,2013-04-09,LAK,DAL,@,Jonathan Quick,L,31,26,60:00
424,2013-04-13,DAL,SJS,h,Richard Bachman,W,32,31,60:00
425,2013-04-13,SJS,DAL,@,Antti Niemi,L,19,17,58:34
426,2013-04-18,DAL,VAN,h,Kari Lehtonen,W,38,37,60:00
427,2013-04-18,VAN,DAL,@,Cory Schneider,L,30,25,60:00
428,2013-04-25,DAL,CBJ,h,Kari Lehtonen,L,35,32,58:49
429,2013-04-25,CBJ,DAL,@,Sergei Bobrovsky,W,32,31,59:56
430,2013-04-27,DAL,DET,h,Richard Bachman,L,37,34,60:00
431,2013-04-27,DET,DAL,@,Jimmy Howard,W,17,17,60:00
432,2013-01-22,DET,DAL,h,Jimmy Howard,L,32,30,58:17
433,2013-01-22,DAL,DET,@,Kari Lehtonen,W,40,39,60:00
434,2013-01-25,DET,MIN,h,Jimmy Howard,W,26,23,59:56
435,2013-01-25,MIN,DET,@,Josh Harding,L,27,22,57:21
436,2013-01-29,DET,DAL,h,Jimmy Howard,W,26,25,59:50
437,2013-01-29,DAL,DET,@,Kari Lehtonen,L,25,21,55:15
438,2013-02-01,DET,STL,h,Jimmy Howard,W,26,23,59:53
439,2013-02-01,STL,DET,@,Brian Elliott,L,19,17,42:59
440,2013-02-05,DET,CGY,h,Jimmy Howard,L,23,19,59:56
441,2013-02-05,CGY,DET,@,Miikka Kiprusoff,W,20,19,40:00
442,2013-02-09,DET,EDM,h,Jimmy Howard,W,24,23,59:59
443,2013-02-09,EDM,DET,@,Nikolai Khabibulin,L,30,28,57:34
444,2013-02-10,DET,LAK,h,Jimmy Howard,W,47,45,60:00
445,2013-02-10,LAK,DET,@,Jonathan Quick,L,31,28,59:49
446,2013-02-13,DET,STL,h,Jimmy Howard,O,25,21,60:51
447,2013-02-13,STL,DET,@,Jake Allen,W,18,15,60:52
448,2013-02-15,DET,ANA,h,Jimmy Howard,L,36,32,59:16
449,2013-02-15,ANA,DET,@,Viktor Fasth,W,28,26,59:50
450,2013-02-21,DET,CBJ,h,Jimmy Howard,L,24,21,59:35
451,2013-02-21,CBJ,DET,@,Sergei Bobrovsky,W,30,28,60:00
452,2013-02-23,DET,NSH,h,Jimmy Howard,W,33,33,60:00
453,2013-02-23,NSH,DET,@,Pekka Rinne,L,27,23,59:42
454,2013-02-24,DET,VAN,h,Jimmy Howard,W,21,18,59:56
455,2013-02-24,VAN,DET,@,Roberto Luongo,L,28,20,60:00
456,2013-03-03,DET,CHI,h,Jimmy Howard,O,33,32,65:00
457,2013-03-03,CHI,DET,@,Corey Crawford,W,33,32,65:00
458,2013-03-05,DET,COL,h,Jimmy Howard,W,37,36,60:00
459,2013-03-05,COL,DET,@,Jean-Sebastien Giguere,L,33,31,58:08
460,2013-03-07,DET,EDM,h,Jimmy Howard,W,22,22,60:00
461,2013-03-07,EDM,DET,@,Devan Dubnyk,L,27,25,58:55
462,2013-03-10,DET,CBJ,h,Jimmy Howard,O,21,19,65:00
463,2013-03-10,CBJ,DET,@,Sergei Bobrovsky,W,23,21,65:00
464,2013-03-20,DET,MIN,h,Jimmy Howard,L,19,15,59:59
465,2013-03-20,MIN,DET,@,Niklas Backstrom,W,38,36,59:57
466,2013-03-31,DET,CHI,h,Jonas Gustavsson,\,12,9,36:08
467,2013-03-31,CHI,DET,@,Corey Crawford,W,34,33,60:00
468,2013-04-01,DET,COL,h,Jimmy Howard,W,24,22,59:54
469,2013-04-01,COL,DET,@,Semyon Varlamov,L,13,10,29:54
470,2013-04-07,DET,STL,h,Jimmy Howard,L,25,24,58:36
471,2013-04-07,STL,DET,@,Brian Elliott,W,28,28,60:00
472,2013-04-11,DET,SJS,h,Jimmy Howard,O,30,28,64:46
473,2013-04-11,SJS,DET,@,Antti Niemi,W,29,27,64:52
474,2013-04-22,DET,PHX,h,Jimmy Howard,W,34,34,60:00
475,2013-04-22,PHX,DET,@,Mike Smith,L,22,19,58:51
476,2013-04-24,DET,LAK,h,Jimmy Howard,W,24,23,60:00
477,2013-04-24,LAK,DET,@,Jonathan Quick,L,36,33,59:18
478,2013-04-25,DET,NSH,h,Jimmy Howard,W,22,20,60:00
479,2013-04-25,NSH,DET,@,Chris Mason,L,38,33,60:00
480,2013-01-22,EDM,SJS,h,Yann Danis,\,14,14,40:00
481,2013-01-22,SJS,EDM,@,Antti Niemi,W,29,26,60:00
482,2013-01-24,EDM,LAK,h,Devan Dubnyk,W,31,30,61:05
483,2013-01-24,LAK,EDM,@,Jonathan Quick,O,39,37,63:01
484,2013-01-28,EDM,COL,h,Devan Dubnyk,W,38,37,59:42
485,2013-01-28,COL,EDM,@,Semyon Varlamov,L,26,23,59:08
486,2013-02-04,EDM,VAN,h,Devan Dubnyk,O,40,37,64:33
487,2013-02-04,VAN,EDM,@,Roberto Luongo,W,25,23,64:40
488,2013-02-06,EDM,DAL,h,Devan Dubnyk,O,28,25,61:37
489,2013-02-06,DAL,EDM,@,Kari Lehtonen,W,29,27,61:46
490,2013-02-12,EDM,DAL,h,Devan Dubnyk,L,29,25,60:00
491,2013-02-12,DAL,EDM,@,Kari Lehtonen,W,36,35,60:00
492,2013-02-16,EDM,COL,h,Nikolai Khabibulin,W,17,16,40:00
493,2013-02-16,COL,EDM,@,Semyon Varlamov,L,55,50,59:06
494,2013-02-19,EDM,LAK,h,Nikolai Khabibulin,L,37,35,59:28
495,2013-02-19,LAK,EDM,@,Jonathan Quick,W,24,23,60:00
496,2013-02-21,EDM,MIN,h,Devan Dubnyk,L,28,25,59:13
497,2013-02-21,MIN,EDM,@,Niklas Backstrom,W,28,27,60:00
498,2013-02-23,EDM,PHX,h,Nikolai Khabibulin,W,36,34,64:57
499,2013-02-23,PHX,EDM,@,Mike Smith,O,43,41,64:54
500,2013-03-15,EDM,DET,h,Devan Dubnyk,O,28,25,63:21
501,2013-03-15,DET,EDM,@,Jimmy Howard,W,32,30,63:29
502,2013-03-17,EDM,NSH,h,Devan Dubnyk,W,31,29,60:00
503,2013-03-17,NSH,EDM,@,Pekka Rinne,L,21,18,57:25
504,2013-03-20,EDM,SJS,h,Devan Dubnyk,O,34,31,65:00
505,2013-03-20,SJS,EDM,@,Antti Niemi,W,27,24,64:53
506,2013-03-23,EDM,STL,h,Nikolai Khabibulin,L,25,22,60:00
507,2013-03-23,STL,EDM,@,Jaroslav Halak,W,19,19,60:00
508,2013-03-28,EDM,CBJ,h,Nikolai Khabibulin,\,21,17,40:27
509,2013-03-28,CBJ,EDM,@,Sergei Bobrovsky,L,24,19,59:16
510,2013-03-30,EDM,VAN,h,Devan Dubnyk,W,23,23,60:00
511,2013-03-30,VAN,EDM,@,Roberto Luongo,\,22,20,57:33
512,2013-04-01,EDM,CGY,h,Devan Dubnyk,W,34,33,60:00
513,2013-04-01,CGY,EDM,@,Joey MacDonald,\,14,13,43:32
514,2013-04-10,EDM,PHX,h,Devan Dubnyk,L,32,29,57:39
515,2013-04-10,PHX,EDM,@,Mike Smith,W,30,29,59:39
516,2013-04-13,EDM,CGY,h,Nikolai Khabibulin,L,38,34,60:00
517,2013-04-13,CGY,EDM,@,Joey MacDonald,W,29,28,59:49
518,2013-04-16,EDM,MIN,h,Devan Dubnyk,L,30,25,57:33
519,2013-04-16,MIN,EDM,@,Niklas Backstrom,W,19,16,60:00
520,2013-04-21,EDM,ANA,h,Devan Dubnyk,L,30,27,58:01
521,2013-04-21,ANA,EDM,@,Jonas Hiller,W,28,27,59:37
522,2013-04-22,EDM,ANA,h,Nikolai Khabibulin,L,28,25,60:00
523,2013-04-22,ANA,EDM,@,Viktor Fasth,W,24,24,59:48
524,2013-04-24,EDM,CHI,h,Devan Dubnyk,L,29,26,59:06
525,2013-04-24,CHI,EDM,@,Corey Crawford,\,14,14,46:11
526,2013-04-27,EDM,VAN,h,Devan Dubnyk,W,30,28,60:00
527,2013-04-27,VAN,EDM,@,Roberto Luongo,L,37,30,59:55
528,2013-01-19,FLA,CAR,h,Jose Theodore,W,42,41,59:56
529,2013-01-19,CAR,FLA,@,Dan Ellis,\,13,12,39:58
530,2013-01-24,FLA,OTT,h,Jose Theodore,L,36,34,58:55
531,2013-01-24,OTT,FLA,@,Craig Anderson,W,26,25,60:00
532,2013-01-26,FLA,PHI,h,Scott Clemmensen,\,17,13,40:00
533,2013-01-26,PHI,FLA,@,Ilya Bryzgalov,W,31,30,60:00
534,2013-01-31,FLA,WPG,h,Jose Theodore,W,25,22,59:51
535,2013-01-31,WPG,FLA,@,Ondrej Pavelec,L,33,28,59:27
536,2013-02-12,FLA,WSH,h,Scott Clemmensen,O,29,23,60:32
537,2013-02-12,WSH,FLA,@,Braden Holtby,W,32,27,60:27
538,2013-02-14,FLA,MTL,h,Jose Theodore,O,32,31,62:09
539,2013-02-14,MTL,FLA,@,Carey Price,W,26,26,62:10
540,2013-02-16,FLA,TBL,h,Jose Theodore,O,36,30,60:59
541,2013-02-16,TBL,FLA,@,Anders Lindback,W,30,25,60:36
542,2013-02-18,FLA,TOR,h,Jose Theodore,L,33,30,59:48
543,2013-02-18,TOR,FLA,@,Ben Scrivens,W,37,37,60:00
544,2013-02-24,FLA,BOS,h,Jacob Markstrom,L,31,28,59:09
545,2013-02-24,BOS,FLA,@,Tuukka Rask,W,35,34,60:00
546,2013-02-26,FLA,PIT,h,Jose Theodore,\,19,15,39:58
547,2013-02-26,PIT,FLA,@,Marc-Andre Fleury,L,13,12,30:03
548,2013-02-28,FLA,BUF,h,Jose Theodore,O,15,15,48:14
549,2013-02-28,BUF,FLA,@,Ryan Miller,W,43,40,64:33
550,2013-03-03,FLA,CAR,h,Scott Clemmensen,L,24,21,58:28
551,2013-03-03,CAR,FLA,@,Dan Ellis,\,21,19,31:04
552,2013-03-05,FLA,WPG,h,Jacob Markstrom,W,31,30,60:00
553,2013-03-05,WPG,FLA,@,Ondrej Pavelec,L,26,22,60:00
554,2013-03-08,FLA,WPG,h,Jacob Markstrom,O,28,25,64:19
555,2013-03-08,WPG,FLA,@,Ondrej Pavelec,W,40,38,64:19
556,2013-03-10,FLA,MTL,h,Jacob Markstrom,L,38,33,60:00
557,2013-03-10,MTL,FLA,@,Peter Budaj,W,16,14,59:53
558,2013-03-12,FLA,TBL,h,Jacob Markstrom,L,13,10,59:08
559,2013-03-12,TBL,FLA,@,Anders Lindback,W,39,37,60:00
560,2013-03-16,FLA,NYI,h,Scott Clemmensen,L,25,21,58:30
561,2013-03-16,NYI,FLA,@,Evgeni Nabokov,W,30,27,60:00
562,2013-03-28,FLA,BUF,h,Jacob Markstrom,W,40,36,64:46
563,2013-03-28,BUF,FLA,@,Ryan Miller,O,40,36,64:57
564,2013-03-30,FLA,NJD,h,Jacob Markstrom,W,26,24,60:39
565,2013-03-30,NJD,FLA,@,Martin Brodeur,O,30,27,61:40
566,2013-04-06,FLA,WSH,h,Jacob Markstrom,L,31,27,58:17
567,2013-04-06,WSH,FLA,@,Braden Holtby,W,30,27,59:57
568,2013-04-07,FLA,OTT,h,Scott Clemmensen,W,41,40,60:00
569,2013-04-07,OTT,FLA,@,Craig Anderson,L,17,15,59:00
570,2013-04-13,FLA,PIT,h,Jacob Markstrom,L,21,19,59:57
571,2013-04-13,PIT,FLA,@,Marc-Andre Fleury,W,26,25,60:00
572,2013-04-23,FLA,NYR,h,Jacob Markstrom,W,38,36,59:54
573,2013-04-23,NYR,FLA,@,Henrik Lundqvist,L,15,13,58:38
574,2013-04-25,FLA,TOR,h,Jacob Markstrom,L,17,13,60:00
575,2013-04-25,TOR,FLA,@,James Reimer,W,34,34,60:00
576,2013-01-19,LAK,CHI,h,Jonathan Quick,L,22,17,59:17
577,2013-01-19,CHI,LAK,@,Corey Crawford,W,21,19,59:53
578,2013-01-28,LAK,VAN,h,Jonathan Quick,W,23,21,64:16
579,2013-01-28,VAN,LAK,@,Roberto Luongo,O,28,26,65:00
580,2013-01-31,LAK,NSH,h,Jonathan Quick,O,14,13,64:57
581,2013-01-31,NSH,LAK,@,Pekka Rinne,W,24,23,65:00
582,2013-02-15,LAK,CBJ,h,Jonathan Bernier,W,13,12,59:57
583,2013-02-15,CBJ,LAK,@,Sergei Bobrovsky,L,22,20,58:41
584,2013-02-23,LAK,COL,h,Jonathan Quick,W,24,23,60:00
585,2013-02-23,COL,LAK,@,Semyon Varlamov,L,26,22,60:00
586,2013-02-25,LAK,ANA,h,Jonathan Quick,W,26,24,59:59
587,2013-02-25,ANA,LAK,@,Viktor Fasth,L,24,20,58:30
588,2013-02-27,LAK,DET,h,Jonathan Bernier,W,33,32,60:00
589,2013-02-27,DET,LAK,@,Jimmy Howard,L,29,27,59:08
590,2013-03-04,LAK,NSH,h,Jonathan Bernier,W,19,18,60:00
591,2013-03-04,NSH,LAK,@,Pekka Rinne,L,13,8,50:51
592,2013-03-05,LAK,STL,h,Jonathan Quick,W,6,5,38:46
593,2013-03-05,STL,LAK,@,Jaroslav Halak,L,21,16,46:09
594,2013-03-07,LAK,DAL,h,Jonathan Quick,L,21,17,59:37
595,2013-03-07,DAL,LAK,@,Kari Lehtonen,W,33,31,60:00
596,2013-03-09,LAK,CGY,h,Jonathan Quick,W,19,17,60:00
597,2013-03-09,CGY,LAK,@,Miikka Kiprusoff,L,22,16,48:22
598,2013-03-11,LAK,CGY,h,Jonathan Quick,W,24,23,60:00
599,2013-03-11,CGY,LAK,@,Joey MacDonald,L,21,19,59:20
600,2013-03-16,LAK,SJS,h,Jonathan Bernier,W,22,20,60:00
601,2013-03-16,SJS,LAK,@,Antti Niemi,L,18,14,33:45
602,2013-03-18,LAK,PHX,h,Jonathan Quick,W,27,27,59:56
603,2013-03-18,PHX,LAK,@,Mike Smith,L,22,18,47:21
604,2013-03-19,LAK,PHX,h,Jonathan Bernier,W,42,40,60:00
605,2013-03-19,PHX,LAK,@,Mike Smith,L,29,26,59:09
606,2013-03-21,LAK,DAL,h,Jonathan Quick,L,21,19,58:47
607,2013-03-21,DAL,LAK,@,Kari Lehtonen,W,40,40,60:00
608,2013-03-23,LAK,VAN,h,Jonathan Quick,L,13,12,58:56
609,2013-03-23,VAN,LAK,@,Cory Schneider,W,20,20,60:00
610,2013-04-04,LAK,MIN,h,Jonathan Bernier,W,23,23,60:00
611,2013-04-04,MIN,LAK,@,Darcy Kuemper,\,12,11,56:53
612,2013-04-06,LAK,EDM,h,Jonathan Quick,W,24,23,59:52
613,2013-04-06,EDM,LAK,@,Devan Dubnyk,L,38,35,58:23
614,2013-04-11,LAK,COL,h,Jonathan Quick,W,28,26,64:55
615,2013-04-11,COL,LAK,@,Sami Aittokallio,\,25,23,49:20
616,2013-04-13,LAK,ANA,h,Jonathan Quick,W,20,19,60:00
617,2013-04-13,ANA,LAK,@,Viktor Fasth,L,18,16,59:16
618,2013-04-18,LAK,CBJ,h,Jonathan Quick,W,21,20,60:00
619,2013-04-18,CBJ,LAK,@,Sergei Bobrovsky,L,23,21,58:45
620,2013-04-21,LAK,DAL,h,Jonathan Quick,W,27,24,64:08
621,2013-04-21,DAL,LAK,@,Kari Lehtonen,O,31,27,64:08
622,2013-04-27,LAK,SJS,h,Jonathan Quick,W,25,23,59:56
623,2013-04-27,SJS,LAK,@,Antti Niemi,L,27,24,58:40
624,2013-01-19,MIN,COL,h,Niklas Backstrom,W,27,25,59:37
625,2013-01-19,COL,MIN,@,Semyon Varlamov,L,35,31,58:36
626,2013-01-20,MIN,DAL,h,Josh Harding,W,24,24,59:42
627,2013-01-20,DAL,MIN,@,Cristopher Nilstorp,L,32,31,58:56
628,2013-01-22,MIN,NSH,h,Niklas Backstrom,L,26,23,59:24
629,2013-01-22,NSH,MIN,@,Chris Mason,W,30,29,60:00
630,2013-01-29,MIN,CBJ,h,Niklas Backstrom,W,19,17,60:00
631,2013-01-29,CBJ,MIN,@,Steve Mason,L,26,23,58:37
632,2013-01-30,MIN,CHI,h,Niklas Backstrom,W,28,28,58:15
633,2013-01-30,CHI,MIN,@,Corey Crawford,O,25,23,65:00
634,2013-02-07,MIN,VAN,h,Niklas Backstrom,L,16,12,39:41
635,2013-02-07,VAN,MIN,@,Cory Schneider,W,23,22,59:45
636,2013-02-09,MIN,NSH,h,Niklas Backstrom,W,26,25,64:21
637,2013-02-09,NSH,MIN,@,Chris Mason,O,32,30,64:21
638,2013-02-14,MIN,COL,h,Niklas Backstrom,O,32,29,65:00
639,2013-02-14,COL,MIN,@,Jean-Sebastien Giguere,W,29,26,64:56
640,2013-02-17,MIN,DET,h,Darcy Kuemper,W,31,29,60:00
641,2013-02-17,DET,MIN,@,Petr Mrazek,L,24,21,59:09
642,2013-02-26,MIN,CGY,h,Niklas Backstrom,W,21,20,60:24
643,2013-02-26,CGY,MIN,@,Joey MacDonald,O,30,28,60:27
644,2013-03-03,MIN,EDM,h,Niklas Backstrom,W,21,19,59:56
645,2013-03-03,EDM,MIN,@,Devan Dubnyk,L,43,39,57:03
646,2013-03-10,MIN,VAN,h,Niklas Backstrom,W,27,25,60:00
647,2013-03-10,VAN,MIN,@,Cory Schneider,L,32,28,57:59
648,2013-03-12,MIN,ANA,h,Niklas Backstrom,L,21,19,59:22
649,2013-03-12,ANA,MIN,@,Jonas Hiller,W,31,30,60:00
650,2013-03-14,MIN,COL,h,Niklas Backstrom,W,32,29,59:54
651,2013-03-14,COL,MIN,@,Semyon Varlamov,L,39,35,58:58
652,2013-03-23,MIN,SJS,h,Niklas Backstrom,W,33,33,60:00
653,2013-03-23,SJS,MIN,@,Antti Niemi,L,24,22,58:00
654,2013-03-27,MIN,PHX,h,Niklas Backstrom,W,27,24,62:38
655,2013-03-27,PHX,MIN,@,Jason LaBarbera,O,37,33,62:43
656,2013-03-30,MIN,LAK,h,Niklas Backstrom,W,31,28,64:45
657,2013-03-30,LAK,MIN,@,Jonathan Quick,O,28,25,64:44
658,2013-04-01,MIN,STL,h,Niklas Backstrom,L,24,20,59:35
659,2013-04-01,STL,MIN,@,Brian Elliott,W,20,19,40:13
660,2013-04-09,MIN,CHI,h,Niklas Backstrom,L,31,30,58:43
661,2013-04-09,CHI,MIN,@,Ray Emery,W,20,20,60:00
662,2013-04-11,MIN,STL,h,Niklas Backstrom,L,20,18,58:44
663,2013-04-11,STL,MIN,@,Brian Elliott,W,23,23,60:00
664,2013-04-13,MIN,CBJ,h,Niklas Backstrom,O,22,20,65:00
665,2013-04-13,CBJ,MIN,@,Sergei Bobrovsky,W,41,39,65:00
666,2013-04-21,MIN,CGY,h,Niklas Backstrom,L,23,20,59:26
667,2013-04-21,CGY,MIN,@,Joey MacDonald,W,35,34,60:00
668,2013-04-23,MIN,LAK,h,Niklas Backstrom,W,23,22,60:00
669,2013-04-23,LAK,MIN,@,Jonathan Bernier,L,25,23,59:21
670,2013-04-26,MIN,EDM,h,Josh Harding,\,12,9,41:19
671,2013-04-26,EDM,MIN,@,Nikolai Khabibulin,W,39,38,60:00
672,2013-01-19,MTL,TOR,h,Carey Price,L,26,24,58:53
673,2013-01-19,TOR,MTL,@,Ben Scrivens,W,22,21,60:00
674,2013-01-22,MTL,FLA,h,Carey Price,W,28,27,59:42
675,2013-01-22,FLA,MTL,@,Scott Clemmensen,L,33,29,60:00
676,2013-01-27,MTL,NJD,h,Carey Price,W,25,22,64:22
677,2013-01-27,NJD,MTL,@,Martin Brodeur,O,32,28,64:21
678,2013-01-29,MTL,WPG,h,Carey Price,W,21,18,60:00
679,2013-01-29,WPG,MTL,@,Ondrej Pavelec,L,26,22,59:21
680,2013-02-02,MTL,BUF,h,Carey Price,W,31,30,59:45
681,2013-02-02,BUF,MTL,@,Ryan Miller,L,21,17,40:00
682,2013-02-03,MTL,OTT,h,Carey Price,W,33,32,60:00
683,2013-02-03,OTT,MTL,@,Craig Anderson,L,32,30,58:31
684,2013-02-06,MTL,BOS,h,Carey Price,L,23,21,59:06
685,2013-02-06,BOS,MTL,@,Tuukka Rask,W,21,20,60:00
686,2013-02-09,MTL,TOR,h,Carey Price,L,28,22,60:00
687,2013-02-09,TOR,MTL,@,James Reimer,W,37,37,60:00
688,2013-02-16,MTL,PHI,h,Peter Budaj,W,19,18,60:00
689,2013-02-16,PHI,MTL,@,Brian Boucher,L,28,25,59:09
690,2013-02-18,MTL,CAR,h,Peter Budaj,W,19,19,59:44
691,2013-02-18,CAR,MTL,@,Cam Ward,L,26,23,60:00
692,2013-02-21,MTL,NYI,h,Carey Price,O,25,21,63:12
693,2013-02-21,NYI,MTL,@,Evgeni Nabokov,W,33,30,63:12
694,2013-02-23,MTL,NYR,h,Carey Price,W,17,17,60:00
695,2013-02-23,NYR,MTL,@,Martin Biron,L,18,15,60:00
696,2013-03-02,MTL,PIT,h,Carey Price,O,36,29,60:52
697,2013-03-02,PIT,MTL,@,Tomas Vokoun,W,39,33,60:52
698,2013-03-13,MTL,OTT,h,Carey Price,W,32,29,64:50
699,2013-03-13,OTT,MTL,@,Robin Lehner,O,45,42,65:00
700,2013-03-19,MTL,BUF,h,Carey Price,O,21,18,62:16
701,2013-03-19,BUF,MTL,@,Jhonas Enroth,W,34,32,62:16
702,2013-03-23,MTL,BUF,h,Carey Price,L,18,16,58:37
703,2013-03-23,BUF,MTL,@,Ryan Miller,W,39,38,60:00
704,2013-03-30,MTL,NYR,h,Carey Price,W,34,34,60:00
705,2013-03-30,NYR,MTL,@,Martin Biron,L,26,23,60:00
706,2013-04-01,MTL,CAR,h,Carey Price,W,19,18,59:57
707,2013-04-01,CAR,MTL,@,Justin Peters,L,28,25,58:54
708,2013-04-04,MTL,WPG,h,Peter Budaj,W,34,33,59:46
709,2013-04-04,WPG,MTL,@,Ondrej Pavelec,L,24,20,60:00
710,2013-04-06,MTL,BOS,h,Carey Price,W,27,26,60:00
711,2013-04-06,BOS,MTL,@,Tuukka Rask,L,29,27,59:03
712,2013-04-09,MTL,WSH,h,Carey Price,L,27,24,59:17
713,2013-04-09,WSH,MTL,@,Michal Neuvirth,W,29,27,60:00
714,2013-04-15,MTL,PHI,h,Carey Price,L,29,23,39:36
715,2013-04-15,PHI,MTL,@,Ilya Bryzgalov,W,28,25,60:00
716,2013-04-18,MTL,TBL,h,Carey Price,W,34,32,59:47
717,2013-04-18,TBL,MTL,@,Ben Bishop,L,35,32,59:45
718,2013-04-20,MTL,WSH,h,Carey Price,L,25,20,60:00
719,2013-04-20,WSH,MTL,@,Braden Holtby,W,36,35,60:00
720,2013-01-19,NSH,CBJ,h,Pekka Rinne,O,28,26,65:00
721,2013-01-19,CBJ,NSH,@,Sergei Bobrovsky,W,34,32,65:00
722,2013-01-21,NSH,STL,h,Pekka Rinne,O,39,36,64:56
723,2013-01-21,STL,NSH,@,Jaroslav Halak,\,11,8,32:53
724,2013-02-07,NSH,LAK,h,Pekka Rinne,W,32,32,60:00
725,2013-02-07,LAK,NSH,@,Jonathan Quick,L,14,11,60:00
726,2013-02-10,NSH,CHI,h,Pekka Rinne,L,27,24,60:00
727,2013-02-10,CHI,NSH,@,Corey Crawford,W,17,17,60:00
728,2013-02-12,NSH,SJS,h,Pekka Rinne,W,25,25,62:08
729,2013-02-12,SJS,NSH,@,Antti Niemi,O,25,24,62:08
730,2013-02-14,NSH,PHX,h,Pekka Rinne,W,19,19,60:00
731,2013-02-14,PHX,NSH,@,Mike Smith,L,29,26,60:00
732,2013-02-16,NSH,ANA,h,Pekka Rinne,O,22,20,65:00
733,2013-02-16,ANA,NSH,@,Viktor Fasth,W,34,32,65:00
734,2013-02-19,NSH,DET,h,Pekka Rinne,W,29,26,60:27
735,2013-02-19,DET,NSH,@,Jonas Gustavsson,O,18,16,49:22
736,2013-02-22,NSH,VAN,h,Pekka Rinne,L,24,23,58:45
737,2013-02-22,VAN,NSH,@,Roberto Luongo,W,23,23,60:00
738,2013-02-25,NSH,DAL,h,Pekka Rinne,W,24,20,60:28
739,2013-02-25,DAL,NSH,@,Cristopher Nilstorp,O,31,26,60:21
740,2013-03-08,NSH,EDM,h,Pekka Rinne,W,24,24,59:56
741,2013-03-08,EDM,NSH,@,Yann Danis,\,21,17,40:00
742,2013-03-09,NSH,MIN,h,Pekka Rinne,O,29,28,65:00
743,2013-03-09,MIN,NSH,@,Niklas Backstrom,W,25,24,65:00
744,2013-03-21,NSH,CGY,h,Pekka Rinne,W,22,19,59:34
745,2013-03-21,CGY,NSH,@,Miikka Kiprusoff,L,23,18,57:18
746,2013-03-23,NSH,CBJ,h,Pekka Rinne,W,23,21,60:00
747,2013-03-23,CBJ,NSH,@,Steve Mason,\,12,12,48:56
748,2013-03-25,NSH,EDM,h,Pekka Rinne,W,26,24,60:00
749,2013-03-25,EDM,NSH,@,Devan Dubnyk,L,26,23,58:55
750,2013-03-28,NSH,PHX,h,Pekka Rinne,\,20,16,43:50
751,2013-03-28,PHX,NSH,@,Jason LaBarbera,W,38,34,60:00
752,2013-04-02,NSH,COL,h,Pekka Rinne,W,26,25,60:00
753,2013-04-02,COL,NSH,@,Jean-Sebastien Giguere,L,37,35,59:15
754,2013-04-04,NSH,CBJ,h,Pekka Rinne,L,38,35,58:16
755,2013-04-04,CBJ,NSH,@,Sergei Bobrovsky,W,39,38,60:00
756,2013-04-06,NSH,CHI,h,Pekka Rinne,L,30,29,58:38
757,2013-04-06,CHI,NSH,@,Ray Emery,W,20,20,60:00
758,2013-04-09,NSH,STL,h,Pekka Rinne,L,26,25,59:07
759,2013-04-09,STL,NSH,@,Brian Elliott,W,15,15,59:58
760,2013-04-12,NSH,DAL,h,Chris Mason,L,18,13,60:00
761,2013-04-12,DAL,NSH,@,Richard Bachman,W,28,26,60:00
762,2013-04-14,NSH,DET,h,Pekka Rinne,L,31,29,59:22
763,2013-04-14,DET,NSH,@,Jimmy Howard,W,22,22,59:43
764,2013-04-15,NSH,VAN,h,Pekka Rinne,L,24,19,60:00
765,2013-04-15,VAN,NSH,@,Roberto Luongo,W,38,36,60:00
766,2013-04-23,NSH,CGY,h,Pekka Rinne,W,18,15,59:42
767,2013-04-23,CGY,NSH,@,Miikka Kiprusoff,L,32,28,58:49
768,2013-01-22,NJD,PHI,h,Martin Brodeur,W,24,24,59:45
769,2013-01-22,PHI,NJD,@,Ilya Bryzgalov,L,26,23,60:00
770,2013-01-25,NJD,WSH,h,Martin Brodeur,W,28,26,64:35
771,2013-01-25,WSH,NJD,@,Michal Neuvirth,O,35,32,64:39
772,2013-01-31,NJD,NYI,h,Martin Brodeur,O,35,30,62:01
773,2013-01-31,NYI,NJD,@,Evgeni Nabokov,W,32,28,62:01
774,2013-02-05,NJD,NYR,h,Martin Brodeur,W,25,24,60:00
775,2013-02-05,NYR,NJD,@,Henrik Lundqvist,L,22,19,58:08
776,2013-02-07,NJD,TBL,h,Martin Brodeur,W,19,17,60:00
777,2013-02-07,TBL,NJD,@,Anders Lindback,L,27,23,59:13
778,2013-02-09,NJD,PIT,h,Martin Brodeur,W,25,24,60:00
779,2013-02-09,PIT,NJD,@,Marc-Andre Fleury,L,28,25,58:18
780,2013-02-12,NJD,CAR,h,Martin Brodeur,L,24,21,58:53
781,2013-02-12,CAR,NJD,@,Cam Ward,W,28,26,60:00
782,2013-02-15,NJD,PHI,h,Martin Brodeur,W,28,25,60:00
783,2013-02-15,PHI,NJD,@,Ilya Bryzgalov,L,18,14,58:31
784,2013-02-18,NJD,OTT,h,Martin Brodeur,O,30,29,64:54
785,2013-02-18,OTT,NJD,@,Ben Bishop,W,31,30,65:00
786,2013-02-24,NJD,WPG,h,Johan Hedberg,L,27,23,57:02
787,2013-02-24,WPG,NJD,@,Ondrej Pavelec,W,26,24,60:00
788,2013-03-05,NJD,TBL,h,Johan Hedberg,L,11,8,33:13
789,2013-03-05,TBL,NJD,@,Anders Lindback,W,27,25,60:00
790,2013-03-07,NJD,BUF,h,Johan Hedberg,W,25,23,64:49
791,2013-03-07,BUF,NJD,@,Jhonas Enroth,\,29,27,58:54
792,2013-03-10,NJD,WPG,h,Johan Hedberg,W,25,23,64:51
793,2013-03-10,WPG,NJD,@,Ondrej Pavelec,O,27,25,65:00
794,2013-03-13,NJD,PHI,h,Johan Hedberg,W,25,23,60:00
795,2013-03-13,PHI,NJD,@,Ilya Bryzgalov,L,32,27,59:53
796,2013-03-16,NJD,MTL,h,Johan Hedberg,L,22,20,58:16
797,2013-03-16,MTL,NJD,@,Carey Price,W,33,32,59:48
798,2013-03-19,NJD,NYR,h,Johan Hedberg,L,22,19,58:21
799,2013-03-19,NYR,NJD,@,Henrik Lundqvist,W,31,29,60:00
800,2013-03-23,NJD,FLA,h,Martin Brodeur,W,18,17,60:00
801,2013-03-23,FLA,NJD,@,Scott Clemmensen,L,25,23,58:44
802,2013-04-01,NJD,NYI,h,Martin Brodeur,L,21,18,57:53
803,2013-04-01,NYI,NJD,@,Evgeni Nabokov,W,25,24,60:00
804,2013-04-06,NJD,TOR,h,Martin Brodeur,L,18,16,58:49
805,2013-04-06,TOR,NJD,@,James Reimer,W,28,27,59:53
806,2013-04-10,NJD,BOS,h,Martin Brodeur,L,18,13,57:07
807,2013-04-10,BOS,NJD,@,Anton Khudobin,W,28,24,60:00
808,2013-04-12,NJD,OTT,h,Martin Brodeur,L,11,9,57:29
809,2013-04-12,OTT,NJD,@,Craig Anderson,W,33,33,60:00
810,2013-04-20,NJD,FLA,h,Martin Brodeur,W,13,11,59:52
811,2013-04-20,FLA,NJD,@,Jacob Markstrom,L,33,27,60:00
812,2013-04-23,NJD,MTL,h,Martin Brodeur,W,21,19,60:00
813,2013-04-23,MTL,NJD,@,Carey Price,L,24,21,59:06
814,2013-04-25,NJD,PIT,h,Johan Hedberg,W,18,16,60:00
815,2013-04-25,PIT,NJD,@,Marc-Andre Fleury,L,32,29,59:24
816,2013-01-19,NYI,NJD,h,Evgeni Nabokov,L,28,26,58:53
817,2013-01-19,NJD,NYI,@,Martin Brodeur,W,19,18,60:00
818,2013-01-21,NYI,TBL,h,Evgeni Nabokov,W,26,23,60:00
819,2013-01-21,TBL,NYI,@,Anders Lindback,L,44,40,59:40
820,2013-02-03,NYI,NJD,h,Evgeni Nabokov,L,26,24,58:16
821,2013-02-03,NJD,NYI,@,Johan Hedberg,W,22,22,59:58
822,2013-02-05,NYI,PIT,h,Evgeni Nabokov,L,25,22,59:48
823,2013-02-05,PIT,NYI,@,Marc-Andre Fleury,W,34,32,60:00
824,2013-02-09,NYI,BUF,h,Evgeni Nabokov,L,15,12,59:15
825,2013-02-09,BUF,NYI,@,Ryan Miller,W,43,41,60:00
826,2013-02-11,NYI,CAR,h,Rick DiPietro,L,30,25,59:28
827,2013-02-11,CAR,NYI,@,Cam Ward,W,28,24,60:00
828,2013-02-16,NYI,NJD,h,Evgeni Nabokov,W,31,30,59:49
829,2013-02-16,NJD,NYI,@,Johan Hedberg,L,33,28,60:00
830,2013-02-18,NYI,PHI,h,Evgeni Nabokov,L,25,18,60:00
831,2013-02-18,PHI,NYI,@,Ilya Bryzgalov,W,19,19,60:00
832,2013-02-24,NYI,CAR,h,Kevin Poulin,L,27,24,59:24
833,2013-02-24,CAR,NYI,@,Cam Ward,W,25,23,59:38
834,2013-02-26,NYI,BOS,h,Evgeni Nabokov,L,33,30,58:30
835,2013-02-26,BOS,NYI,@,Tuukka Rask,W,37,36,60:00
836,2013-02-28,NYI,TOR,h,Evgeni Nabokov,O,28,23,61:11
837,2013-02-28,TOR,NYI,@,James Reimer,W,27,23,61:11
838,2013-03-03,NYI,OTT,h,Evgeni Nabokov,W,31,29,64:59
839,2013-03-03,OTT,NYI,@,Robin Lehner,O,35,33,65:00
840,2013-03-05,NYI,MTL,h,Evgeni Nabokov,W,32,29,59:56
841,2013-03-05,MTL,NYI,@,Carey Price,L,23,18,59:19
842,2013-03-07,NYI,NYR,h,Evgeni Nabokov,O,37,35,60:42
843,2013-03-07,NYR,NYI,@,Henrik Lundqvist,W,29,28,60:32
844,2013-03-09,NYI,WSH,h,Evgeni Nabokov,W,24,22,60:00
845,2013-03-09,WSH,NYI,@,Philipp Grubauer,L,45,40,58:53
846,2013-03-19,NYI,OTT,h,Evgeni Nabokov,L,22,18,59:14
847,2013-03-19,OTT,NYI,@,Ben Bishop,W,29,26,60:00
848,2013-03-21,NYI,MTL,h,Kevin Poulin,L,29,24,60:00
849,2013-03-21,MTL,NYI,@,Carey Price,W,27,25,60:00
850,2013-03-22,NYI,PIT,h,Evgeni Nabokov,L,24,21,58:53
851,2013-03-22,PIT,NYI,@,Tomas Vokoun,W,35,33,59:37
852,2013-03-24,NYI,FLA,h,Evgeni Nabokov,W,26,26,60:00
853,2013-03-24,FLA,NYI,@,Jacob Markstrom,L,35,34,59:13
854,2013-04-02,NYI,WPG,h,Kevin Poulin,W,25,23,60:00
855,2013-04-02,WPG,NYI,@,Ondrej Pavelec,L,38,34,58:53
856,2013-04-06,NYI,TBL,h,Evgeni Nabokov,W,21,19,60:00
857,2013-04-06,TBL,NYI,@,Ben Bishop,L,27,24,58:53
858,2013-04-09,NYI,PHI,h,Evgeni Nabokov,W,27,26,60:00
859,2013-04-09,PHI,NYI,@,Steve Mason,L,31,28,59:38
860,2013-04-13,NYI,NYR,h,Evgeni Nabokov,O,20,19,62:32
861,2013-04-13,NYR,NYI,@,Henrik Lundqvist,W,29,29,63:11
862,2013-04-16,NYI,FLA,h,Evgeni Nabokov,W,28,26,60:00
863,2013-04-16,FLA,NYI,@,Scott Clemmensen,\,13,13,36:20
864,2013-01-20,NYR,PIT,h,Martin Biron,\,20,19,30:42
865,2013-01-20,PIT,NYR,@,Tomas Vokoun,W,34,31,59:55
866,2013-01-23,NYR,BOS,h,Henrik Lundqvist,W,29,26,60:27
867,2013-01-23,BOS,NYR,@,Tuukka Rask,O,33,29,59:47
868,2013-01-26,NYR,TOR,h,Henrik Lundqvist,W,17,15,60:00
869,2013-01-26,TOR,NYR,@,James Reimer,L,41,37,58:32
870,2013-01-29,NYR,PHI,h,Henrik Lundqvist,W,27,26,60:00
871,2013-01-29,PHI,NYR,@,Ilya Bryzgalov,L,28,26,58:44
872,2013-01-31,NYR,PIT,h,Henrik Lundqvist,L,29,26,60:00
873,2013-01-31,PIT,NYR,@,Tomas Vokoun,W,28,28,60:00
874,2013-02-07,NYR,NYI,h,Henrik Lundqvist,W,28,27,60:00
875,2013-02-07,NYI,NYR,@,Evgeni Nabokov,L,24,21,59:52
876,2013-02-10,NYR,TBL,h,Henrik Lundqvist,W,20,19,60:00
877,2013-02-10,TBL,NYR,@,Anders Lindback,\,13,11,30:02
878,2013-02-14,NYR,NYI,h,Martin Biron,O,31,28,65:00
879,2013-02-14,NYI,NYR,@,Evgeni Nabokov,W,39,36,65:00
880,2013-02-17,NYR,WSH,h,Henrik Lundqvist,W,28,27,59:54
881,2013-02-17,WSH,NYR,@,Braden Holtby,L,40,38,58:34
882,2013-02-19,NYR,MTL,h,Henrik Lundqvist,L,17,15,59:17
883,2013-02-19,MTL,NYR,@,Carey Price,W,25,24,60:00
884,2013-02-26,NYR,WPG,h,Henrik Lundqvist,L,32,28,58:59
885,2013-02-26,WPG,NYR,@,Ondrej Pavelec,W,33,30,60:00
886,2013-02-28,NYR,TBL,h,Henrik Lundqvist,W,25,24,60:00
887,2013-02-28,TBL,NYR,@,Mathieu Garon,L,42,38,60:00
888,2013-03-03,NYR,BUF,h,Henrik Lundqvist,W,30,28,65:00
889,2013-03-03,BUF,NYR,@,Ryan Miller,O,28,26,64:36
890,2013-03-05,NYR,PHI,h,Henrik Lundqvist,W,25,23,60:00
891,2013-03-05,PHI,NYR,@,Ilya Bryzgalov,L,20,16,58:07
892,2013-03-08,NYR,OTT,h,Henrik Lundqvist,L,39,36,58:49
893,2013-03-08,OTT,NYR,@,Robin Lehner,W,35,33,60:00
894,2013-03-18,NYR,CAR,h,Henrik Lundqvist,W,30,29,65:00
895,2013-03-18,CAR,NYR,@,Dan Ellis,O,36,35,65:00
896,2013-03-21,NYR,FLA,h,Henrik Lundqvist,L,23,21,59:03
897,2013-03-21,FLA,NYR,@,Jacob Markstrom,W,45,44,60:00
898,2013-03-24,NYR,WSH,h,Henrik Lundqvist,O,24,22,65:00
899,2013-03-24,WSH,NYR,@,Braden Holtby,W,32,30,65:00
900,2013-04-01,NYR,WPG,h,Henrik Lundqvist,W,28,26,60:00
901,2013-04-01,WPG,NYR,@,Ondrej Pavelec,L,35,31,59:05
902,2013-04-03,NYR,PIT,h,Henrik Lundqvist,W,27,26,60:00
903,2013-04-03,PIT,NYR,@,Marc-Andre Fleury,L,39,33,60:00
904,2013-04-10,NYR,TOR,h,Henrik Lundqvist,W,25,23,65:00
905,2013-04-10,TOR,NYR,@,James Reimer,O,28,26,64:38
906,2013-04-18,NYR,FLA,h,Henrik Lundqvist,W,35,34,60:00
907,2013-04-18,FLA,NYR,@,Scott Clemmensen,L,30,24,60:00
908,2013-04-21,NYR,NJD,h,Henrik Lundqvist,W,27,26,59:47
909,2013-04-21,NJD,NYR,@,Martin Brodeur,L,22,18,57:30
910,2013-04-27,NYR,NJD,h,Henrik Lundqvist,W,20,20,60:00
911,2013-04-27,NJD,NYR,@,Johan Hedberg,L,21,17,60:00
912,2013-01-21,OTT,FLA,h,Craig Anderson,W,31,31,59:55
913,2013-01-21,FLA,OTT,@,Jose Theodore,L,37,33,60:00
914,2013-01-27,OTT,PIT,h,Craig Anderson,O,34,33,65:00
915,2013-01-27,PIT,OTT,@,Marc-Andre Fleury,W,32,31,64:56
916,2013-01-29,OTT,WSH,h,Craig Anderson,W,33,31,59:56
917,2013-01-29,WSH,OTT,@,Michal Neuvirth,L,27,24,58:34
918,2013-01-30,OTT,MTL,h,Craig Anderson,W,32,31,60:00
919,2013-01-30,MTL,OTT,@,Peter Budaj,L,27,22,60:00
920,2013-02-05,OTT,BUF,h,Craig Anderson,W,23,20,59:52
921,2013-02-05,BUF,OTT,@,Jhonas Enroth,L,24,20,59:29
922,2013-02-07,OTT,CAR,h,Craig Anderson,O,26,23,61:58
923,2013-02-07,CAR,OTT,@,Cam Ward,W,47,45,62:19
924,2013-02-09,OTT,WPG,h,Ben Bishop,L,37,36,58:53
925,2013-02-09,WPG,OTT,@,Al Montoya,W,33,33,60:00
926,2013-02-12,OTT,BUF,h,Craig Anderson,W,42,42,59:17
927,2013-02-12,BUF,OTT,@,Ryan Miller,L,31,29,59:43
928,2013-02-19,OTT,NYI,h,Craig Anderson,W,38,37,60:00
929,2013-02-19,NYI,OTT,@,Rick DiPietro,L,26,23,58:10
930,2013-02-21,OTT,NYR,h,Craig Anderson,\,21,21,41:43
931,2013-02-21,NYR,OTT,@,Henrik Lundqvist,O,37,35,64:58
932,2013-02-23,OTT,TOR,h,Ben Bishop,W,28,26,60:00
933,2013-02-23,TOR,OTT,@,Ben Scrivens,L,35,32,59:44
934,2013-02-25,OTT,MTL,h,Ben Bishop,W,45,44,65:00
935,2013-02-25,MTL,OTT,@,Carey Price,O,24,23,65:00
936,2013-03-11,OTT,BOS,h,Robin Lehner,O,35,33,65:00
937,2013-03-11,BOS,OTT,@,Tuukka Rask,W,32,30,65:00
938,2013-03-17,OTT,WPG,h,Robin Lehner,W,26,25,59:37
939,2013-03-17,WPG,OTT,@,Ondrej Pavelec,L,42,38,60:00
940,2013-03-21,OTT,BOS,h,Robin Lehner,L,29,27,59:41
941,2013-03-21,BOS,OTT,@,Anton Khudobin,W,28,27,60:00
942,2013-03-23,OTT,TBL,h,Robin Lehner,W,32,29,60:00
943,2013-03-23,TBL,OTT,@,Cedrick Desjardins,L,20,19,42:21
944,2013-03-25,OTT,NJD,h,Ben Bishop,W,34,32,65:00
945,2013-03-25,NJD,OTT,@,Martin Brodeur,O,14,12,64:52
946,2013-03-28,OTT,NYR,h,Ben Bishop,W,24,24,59:58
947,2013-03-28,NYR,OTT,@,Henrik Lundqvist,L,28,26,59:28
948,2013-03-30,OTT,TOR,h,Ben Bishop,L,23,19,59:58
949,2013-03-30,TOR,OTT,@,James Reimer,W,31,31,59:14
950,2013-04-16,OTT,CAR,h,Craig Anderson,W,34,32,60:00
951,2013-04-16,CAR,OTT,@,Justin Peters,L,34,31,59:06
952,2013-04-18,OTT,WSH,h,Craig Anderson,W,19,18,60:00
953,2013-04-18,WSH,OTT,@,Braden Holtby,L,37,35,59:50
954,2013-04-20,OTT,TOR,h,Craig Anderson,L,22,18,59:38
955,2013-04-20,TOR,OTT,@,James Reimer,W,50,49,60:00
956,2013-04-22,OTT,PIT,h,Craig Anderson,L,24,21,58:50
957,2013-04-22,PIT,OTT,@,Tomas Vokoun,W,35,34,59:59
958,2013-04-27,OTT,PHI,h,Craig Anderson,L,25,23,59:14
959,2013-04-27,PHI,OTT,@,Steve Mason,W,44,43,59:59
960,2013-01-19,PHI,PIT,h,Ilya Bryzgalov,L,26,24,58:37
961,2013-01-19,PIT,PHI,@,Marc-Andre Fleury,W,27,26,60:00
962,2013-01-24,PHI,NYR,h,Ilya Bryzgalov,W,19,18,60:00
963,2013-01-24,NYR,PHI,@,Henrik Lundqvist,L,33,31,58:54
964,2013-02-02,PHI,CAR,h,Ilya Bryzgalov,W,42,39,59:37
965,2013-02-02,CAR,PHI,@,Cam Ward,\,12,11,37:29
966,2013-02-05,PHI,TBL,h,Ilya Bryzgalov,W,22,21,59:58
967,2013-02-05,TBL,PHI,@,Anders Lindback,L,24,22,58:31
968,2013-02-07,PHI,FLA,h,Ilya Bryzgalov,O,24,22,65:00
969,2013-02-07,FLA,PHI,@,Jose Theodore,W,32,30,64:55
970,2013-02-09,PHI,CAR,h,Ilya Bryzgalov,W,33,30,61:47
971,2013-02-09,CAR,PHI,@,Cam Ward,O,32,28,61:47
972,2013-02-21,PHI,FLA,h,Ilya Bryzgalov,L,15,11,31:46
973,2013-02-21,FLA,PHI,@,Scott Clemmensen,W,34,32,59:23
974,2013-02-23,PHI,WPG,h,Ilya Bryzgalov,W,37,34,59:41
975,2013-02-23,WPG,PHI,@,Ondrej Pavelec,L,38,34,58:29
976,2013-02-25,PHI,TOR,h,Ilya Bryzgalov,L,21,18,58:04
977,2013-02-25,TOR,PHI,@,Ben Scrivens,W,25,23,59:57
978,2013-02-27,PHI,WSH,h,Ilya Bryzgalov,W,24,23,59:55
979,2013-02-27,WSH,PHI,@,Braden Holtby,L,18,14,34:55
980,2013-03-02,PHI,OTT,h,Ilya Bryzgalov,W,34,33,60:00
981,2013-03-02,OTT,PHI,@,Ben Bishop,L,41,39,59:00
982,2013-03-07,PHI,PIT,h,Ilya Bryzgalov,\,16,12,35:47
983,2013-03-07,PIT,PHI,@,Tomas Vokoun,W,14,14,40:00
984,2013-03-10,PHI,BUF,h,Ilya Bryzgalov,W,20,18,60:00
985,2013-03-10,BUF,PHI,@,Ryan Miller,L,28,25,59:06
986,2013-03-15,PHI,NJD,h,Ilya Bryzgalov,W,28,27,65:00
987,2013-03-15,NJD,PHI,@,Johan Hedberg,O,22,21,65:00
988,2013-03-26,PHI,NYR,h,Ilya Bryzgalov,L,31,26,59:27
989,2013-03-26,NYR,PHI,@,Henrik Lundqvist,W,34,32,60:00
990,2013-03-28,PHI,NYI,h,Ilya Bryzgalov,O,36,33,63:56
991,2013-03-28,NYI,PHI,@,Evgeni Nabokov,W,36,33,64:52
992,2013-03-30,PHI,BOS,h,Ilya Bryzgalov,W,34,33,59:52
993,2013-03-30,BOS,PHI,@,Tuukka Rask,L,21,19,58:50
994,2013-03-31,PHI,WSH,h,Ilya Bryzgalov,W,29,25,60:12
995,2013-03-31,WSH,PHI,@,Braden Holtby,O,34,29,61:31
996,2013-04-03,PHI,MTL,h,Ilya Bryzgalov,W,17,14,60:00
997,2013-04-03,MTL,PHI,@,Carey Price,L,33,29,59:35
998,2013-04-11,PHI,OTT,h,Ilya Bryzgalov,L,33,31,58:56
999,2013-04-11,OTT,PHI,@,Robin Lehner,W,25,24,60:00
1000,2013-04-16,PHI,NYR,h,Steve Mason,W,40,38,60:00
1001,2013-04-16,NYR,PHI,@,Henrik Lundqvist,L,21,18,58:57
1002,2013-04-18,PHI,NJD,h,Ilya Bryzgalov,L,30,28,59:31
1003,2013-04-18,NJD,PHI,@,Martin Brodeur,W,23,23,60:00
1004,2013-04-23,PHI,BOS,h,Steve Mason,W,41,39,60:00
1005,2013-04-23,BOS,PHI,@,Anton Khudobin,L,16,13,39:01
1006,2013-04-25,PHI,NYI,h,Ilya Bryzgalov,W,22,21,59:53
1007,2013-04-25,NYI,PHI,@,Kevin Poulin,L,30,28,58:17
1008,2013-01-23,PIT,TOR,h,Marc-Andre Fleury,L,24,19,59:32
1009,2013-01-23,TOR,PIT,@,James Reimer,W,30,28,60:00
1010,2013-01-29,PIT,NYI,h,Marc-Andre Fleury,L,17,13,40:00
1011,2013-01-29,NYI,PIT,@,Evgeni Nabokov,W,38,37,60:00
1012,2013-02-02,PIT,NJD,h,Marc-Andre Fleury,W,16,15,60:00
1013,2013-02-02,NJD,PIT,@,Martin Brodeur,L,30,25,60:00
1014,2013-02-07,PIT,WSH,h,Marc-Andre Fleury,W,25,23,60:00
1015,2013-02-07,WSH,PIT,@,Michal Neuvirth,\,11,9,32:49
1016,2013-02-10,PIT,NJD,h,Tomas Vokoun,L,23,20,58:28
1017,2013-02-10,NJD,PIT,@,Johan Hedberg,W,24,23,60:00
1018,2013-02-13,PIT,OTT,h,Marc-Andre Fleury,W,29,27,59:53
1019,2013-02-13,OTT,PIT,@,Craig Anderson,L,30,26,60:00
1020,2013-02-20,PIT,PHI,h,Tomas Vokoun,L,32,26,58:53
1021,2013-02-20,PHI,PIT,@,Ilya Bryzgalov,W,32,27,60:00
1022,2013-02-22,PIT,FLA,h,Marc-Andre Fleury,W,23,22,60:00
1023,2013-02-22,FLA,PIT,@,Jacob Markstrom,L,40,37,58:44
1024,2013-02-24,PIT,TBL,h,Marc-Andre Fleury,W,30,27,60:00
1025,2013-02-24,TBL,PIT,@,Mathieu Garon,L,11,10,38:57
1026,2013-03-04,PIT,TBL,h,Marc-Andre Fleury,W,28,25,59:39
1027,2013-03-04,TBL,PIT,@,Anders Lindback,L,18,16,36:55
1028,2013-03-10,PIT,NYI,h,Tomas Vokoun,W,24,23,59:47
1029,2013-03-10,NYI,PIT,@,Evgeni Nabokov,L,17,12,40:00
1030,2013-03-12,PIT,BOS,h,Marc-Andre Fleury,W,16,14,60:00
1031,2013-03-12,BOS,PIT,@,Anton Khudobin,L,34,31,59:06
1032,2013-03-16,PIT,NYR,h,Marc-Andre Fleury,W,23,23,60:00
1033,2013-03-16,NYR,PIT,@,Henrik Lundqvist,L,27,24,60:00
1034,2013-03-17,PIT,BOS,h,Tomas Vokoun,W,32,31,60:00
1035,2013-03-17,BOS,PIT,@,Tuukka Rask,L,18,16,59:32
1036,2013-03-19,PIT,WSH,h,Marc-Andre Fleury,W,29,28,60:00
1037,2013-03-19,WSH,PIT,@,Braden Holtby,L,36,34,58:45
1038,2013-03-24,PIT,PHI,h,Marc-Andre Fleury,W,28,27,62:33
1039,2013-03-24,PHI,PIT,@,Ilya Bryzgalov,O,35,33,62:33
1040,2013-03-26,PIT,MTL,h,Marc-Andre Fleury,W,25,25,40:00
1041,2013-03-26,MTL,PIT,@,Carey Price,L,25,24,59:04
1042,2013-03-28,PIT,WPG,h,Tomas Vokoun,W,20,20,60:00
1043,2013-03-28,WPG,PIT,@,Al Montoya,L,43,39,60:00
1044,2013-03-30,PIT,NYI,h,Tomas Vokoun,W,35,35,60:00
1045,2013-03-30,NYI,PIT,@,Evgeni Nabokov,L,27,25,57:17
1046,2013-04-02,PIT,BUF,h,Marc-Andre Fleury,\,16,16,36:14
1047,2013-04-02,BUF,PIT,@,Ryan Miller,W,20,19,60:00
1048,2013-04-05,PIT,NYR,h,Marc-Andre Fleury,W,35,34,65:00
1049,2013-04-05,NYR,PIT,@,Henrik Lundqvist,O,27,26,65:00
1050,2013-04-17,PIT,MTL,h,Marc-Andre Fleury,W,35,31,60:00
1051,2013-04-17,MTL,PIT,@,Carey Price,L,20,17,39:33
1052,2013-04-23,PIT,BUF,h,Marc-Andre Fleury,L,32,29,59:04
1053,2013-04-23,BUF,PIT,@,Ryan Miller,W,42,40,60:00
1054,2013-04-27,PIT,CAR,h,Marc-Andre Fleury,W,30,27,60:00
1055,2013-04-27,CAR,PIT,@,Justin Peters,L,35,27,60:00
1056,2013-01-24,SJS,PHX,h,Antti Niemi,W,35,32,59:56
1057,2013-01-24,PHX,SJS,@,Jason LaBarbera,L,34,30,58:50
1058,2013-01-26,SJS,COL,h,Thomas Greiss,W,24,24,60:00
1059,2013-01-26,COL,SJS,@,Semyon Varlamov,L,26,22,40:00
1060,2013-01-27,SJS,VAN,h,Antti Niemi,W,24,23,59:38
1061,2013-01-27,VAN,SJS,@,Cory Schneider,L,27,23,60:00
1062,2013-01-29,SJS,ANA,h,Antti Niemi,W,30,28,65:00
1063,2013-01-29,ANA,SJS,@,Jonas Hiller,O,18,16,65:00
1064,2013-01-31,SJS,EDM,h,Antti Niemi,W,28,26,64:52
1065,2013-01-31,EDM,SJS,@,Devan Dubnyk,O,38,36,65:00
1066,2013-02-02,SJS,NSH,h,Antti Niemi,O,24,23,64:49
1067,2013-02-02,NSH,SJS,@,Pekka Rinne,W,27,26,65:00
1068,2013-02-05,SJS,CHI,h,Antti Niemi,L,30,26,59:51
1069,2013-02-05,CHI,SJS,@,Corey Crawford,W,33,30,60:00
1070,2013-02-09,SJS,PHX,h,Antti Niemi,O,21,21,65:00
1071,2013-02-09,PHX,SJS,@,Mike Smith,W,33,33,65:00
1072,2013-02-26,SJS,COL,h,Antti Niemi,W,27,25,64:56
1073,2013-02-26,COL,SJS,@,Semyon Varlamov,O,41,39,65:00
1074,2013-02-28,SJS,DET,h,Antti Niemi,O,34,33,65:00
1075,2013-02-28,DET,SJS,@,Jonas Gustavsson,W,26,25,65:00
1076,2013-03-02,SJS,NSH,h,Antti Niemi,W,19,18,59:49
1077,2013-03-02,NSH,SJS,@,Pekka Rinne,L,39,37,59:06
1078,2013-03-09,SJS,STL,h,Antti Niemi,\,28,25,45:34
1079,2013-03-09,STL,SJS,@,Jake Allen,W,25,22,61:12
1080,2013-03-14,SJS,LAK,h,Antti Niemi,W,37,34,60:00
1081,2013-03-14,LAK,SJS,@,Jonathan Bernier,L,14,13,30:23
1082,2013-03-27,SJS,ANA,h,Antti Niemi,W,22,22,60:00
1083,2013-03-27,ANA,SJS,@,Jonas Hiller,L,29,25,60:00
1084,2013-03-28,SJS,DET,h,Antti Niemi,W,27,27,60:00
1085,2013-03-28,DET,SJS,@,Jimmy Howard,L,24,22,58:00
1086,2013-03-30,SJS,PHX,h,Antti Niemi,W,29,27,65:00
1087,2013-03-30,PHX,SJS,@,Jason LaBarbera,O,34,32,64:59
1088,2013-04-01,SJS,VAN,h,Antti Niemi,W,25,23,60:00
1089,2013-04-01,VAN,SJS,@,Cory Schneider,L,35,32,58:43
1090,2013-04-03,SJS,MIN,h,Antti Niemi,W,33,31,60:00
1091,2013-04-03,MIN,SJS,@,Niklas Backstrom,L,33,29,58:32
1092,2013-04-05,SJS,CGY,h,Antti Niemi,W,24,23,60:00
1093,2013-04-05,CGY,SJS,@,Miikka Kiprusoff,L,41,39,58:25
1094,2013-04-07,SJS,DAL,h,Antti Niemi,O,34,30,65:00
1095,2013-04-07,DAL,SJS,@,Kari Lehtonen,W,36,32,65:00
1096,2013-04-16,SJS,LAK,h,Antti Niemi,W,43,41,64:48
1097,2013-04-16,LAK,SJS,@,Jonathan Quick,O,35,33,65:00
1098,2013-04-18,SJS,MIN,h,Antti Niemi,W,28,27,60:00
1099,2013-04-18,MIN,SJS,@,Niklas Backstrom,L,27,22,44:21
1100,2013-04-21,SJS,CBJ,h,Antti Niemi,L,22,18,57:59
1101,2013-04-21,CBJ,SJS,@,Sergei Bobrovsky,W,35,32,59:58
1102,2013-04-23,SJS,DAL,h,Antti Niemi,W,26,24,60:00
1103,2013-04-23,DAL,SJS,@,Kari Lehtonen,L,37,34,58:16
1104,2013-01-19,STL,DET,h,Jaroslav Halak,W,14,14,60:00
1105,2013-01-19,DET,STL,@,Jimmy Howard,L,28,23,41:15
1106,2013-01-24,STL,NSH,h,Jaroslav Halak,W,13,13,60:00
1107,2013-01-24,NSH,STL,@,Pekka Rinne,L,24,21,59:43
1108,2013-01-27,STL,MIN,h,Brian Elliott,W,16,12,62:00
1109,2013-01-27,MIN,STL,@,Niklas Backstrom,O,34,29,62:16
1110,2013-02-05,STL,NSH,h,Jake Allen,\,8,6,30:40
1111,2013-02-05,NSH,STL,@,Pekka Rinne,W,32,31,60:00
1112,2013-02-07,STL,DET,h,Brian Elliott,L,29,24,60:00
1113,2013-02-07,DET,STL,@,Petr Mrazek,W,27,26,60:00
1114,2013-02-09,STL,ANA,h,Brian Elliott,O,23,18,65:00
1115,2013-02-09,ANA,STL,@,Viktor Fasth,W,31,26,65:00
1116,2013-02-11,STL,LAK,h,Brian Elliott,L,23,19,60:00
1117,2013-02-11,LAK,STL,@,Jonathan Bernier,W,22,21,59:58
1118,2013-02-19,STL,SJS,h,Jake Allen,L,25,23,58:16
1119,2013-02-19,SJS,STL,@,Antti Niemi,W,26,25,59:58
1120,2013-02-23,STL,CBJ,h,Jaroslav Halak,W,20,19,60:00
1121,2013-02-23,CBJ,STL,@,Sergei Bobrovsky,L,23,21,59:00
1122,2013-02-28,STL,CHI,h,Jaroslav Halak,L,23,20,60:00
1123,2013-02-28,CHI,STL,@,Ray Emery,\,15,15,40:00
1124,2013-03-01,STL,EDM,h,Jaroslav Halak,W,17,15,60:00
1125,2013-03-01,EDM,STL,@,Devan Dubnyk,L,30,26,58:14
1126,2013-03-12,STL,SJS,h,Jake Allen,W,41,39,60:00
1127,2013-03-12,SJS,STL,@,Antti Niemi,L,20,17,59:44
1128,2013-03-14,STL,PHX,h,Jake Allen,W,28,28,60:00
1129,2013-03-14,PHX,STL,@,Mike Smith,L,30,27,60:00
1130,2013-03-16,STL,ANA,h,Jake Allen,W,28,27,60:33
1131,2013-03-16,ANA,STL,@,Jonas Hiller,O,21,19,60:24
1132,2013-03-26,STL,EDM,h,Jaroslav Halak,\,12,12,34:43
1133,2013-03-26,EDM,STL,@,Nikolai Khabibulin,W,43,43,60:00
1134,2013-03-28,STL,LAK,h,Jaroslav Halak,L,39,36,59:36
1135,2013-03-28,LAK,STL,@,Jonathan Quick,W,22,20,60:00
1136,2013-04-05,STL,CBJ,h,Jake Allen,W,27,26,60:00
1137,2013-04-05,CBJ,STL,@,Sergei Bobrovsky,L,18,16,58:55
1138,2013-04-14,STL,CHI,h,Brian Elliott,L,26,24,58:17
1139,2013-04-14,CHI,STL,@,Corey Crawford,W,30,30,60:00
1140,2013-04-16,STL,VAN,h,Brian Elliott,W,22,21,65:00
1141,2013-04-16,VAN,STL,@,Cory Schneider,O,36,35,65:00
1142,2013-04-18,STL,PHX,h,Brian Elliott,W,34,33,64:23
1143,2013-04-18,PHX,STL,@,Chad Johnson,O,30,29,64:09
1144,2013-04-19,STL,DAL,h,Brian Elliott,W,22,21,60:00
1145,2013-04-19,DAL,STL,@,Kari Lehtonen,L,20,18,58:43
1146,2013-04-23,STL,COL,h,Brian Elliott,W,18,17,59:51
1147,2013-04-23,COL,STL,@,Semyon Varlamov,L,34,31,58:25
1148,2013-04-25,STL,CGY,h,Brian Elliott,W,19,18,60:00
1149,2013-04-25,CGY,STL,@,Joey MacDonald,L,20,16,60:00
1150,2013-04-27,STL,CHI,h,Brian Elliott,W,23,22,59:49
1151,2013-04-27,CHI,STL,@,Carter Hutton,L,28,25,58:44
1152,2013-01-19,TBL,WSH,h,Anders Lindback,W,30,27,60:00
1153,2013-01-19,WSH,TBL,@,Braden Holtby,L,34,28,59:48
1154,2013-01-25,TBL,OTT,h,Anders Lindback,W,36,32,59:56
1155,2013-01-25,OTT,TBL,@,Ben Bishop,L,30,25,59:44
1156,2013-01-27,TBL,PHI,h,Anders Lindback,W,25,24,60:00
1157,2013-01-27,PHI,TBL,@,Michael Leighton,L,26,21,59:08
1158,2013-01-29,TBL,FLA,h,Anders Lindback,W,28,26,60:00
1159,2013-01-29,FLA,TBL,@,Jose Theodore,L,33,28,60:00
1160,2013-02-01,TBL,WPG,h,Anders Lindback,W,29,26,59:55
1161,2013-02-01,WPG,TBL,@,Al Montoya,\,11,8,35:17
1162,2013-02-02,TBL,NYR,h,Mathieu Garon,L,30,27,58:24
1163,2013-02-02,NYR,TBL,@,Martin Biron,W,32,30,60:00
1164,2013-02-12,TBL,MTL,h,Anders Lindback,O,34,31,64:40
1165,2013-02-12,MTL,TBL,@,Carey Price,W,24,21,64:55
1166,2013-02-14,TBL,WSH,h,Mathieu Garon,L,39,35,58:54
1167,2013-02-14,WSH,TBL,@,Braden Holtby,W,30,27,60:00
1168,2013-02-19,TBL,TOR,h,Anders Lindback,W,25,23,59:51
1169,2013-02-19,TOR,TBL,@,Ben Scrivens,L,13,9,46:58
1170,2013-02-21,TBL,BOS,h,Anders Lindback,L,26,22,58:32
1171,2013-02-21,BOS,TBL,@,Tuukka Rask,W,26,24,60:00
1172,2013-02-26,TBL,BUF,h,Mathieu Garon,L,21,19,58:41
1173,2013-02-26,BUF,TBL,@,Ryan Miller,W,31,30,60:00
1174,2013-03-07,TBL,WPG,h,Anders Lindback,L,28,26,58:23
1175,2013-03-07,WPG,TBL,@,Al Montoya,W,29,28,60:00
1176,2013-03-09,TBL,MTL,h,Cedrick Desjardins,L,29,25,58:47
1177,2013-03-09,MTL,TBL,@,Carey Price,W,23,20,60:00
1178,2013-03-14,TBL,NYI,h,Anders Lindback,L,28,27,59:15
1179,2013-03-14,NYI,TBL,@,Evgeni Nabokov,W,18,18,60:00
1180,2013-03-16,TBL,CAR,h,Mathieu Garon,W,22,21,60:00
1181,2013-03-16,CAR,TBL,@,Justin Peters,L,26,22,60:00
1182,2013-03-18,TBL,PHI,h,Anders Lindback,W,30,28,59:50
1183,2013-03-18,PHI,TBL,@,Ilya Bryzgalov,L,26,23,58:40
1184,2013-03-26,TBL,BUF,h,Mathieu Garon,W,14,13,59:58
1185,2013-03-26,BUF,TBL,@,Ryan Miller,L,25,23,59:17
1186,2013-03-29,TBL,NJD,h,Mathieu Garon,W,25,21,64:09
1187,2013-03-29,NJD,TBL,@,Martin Brodeur,O,25,21,65:00
1188,2013-04-02,TBL,FLA,h,Mathieu Garon,O,25,23,65:00
1189,2013-04-02,FLA,TBL,@,Jacob Markstrom,W,41,39,65:00
1190,2013-04-09,TBL,OTT,h,Ben Bishop,W,33,31,60:00
1191,2013-04-09,OTT,TBL,@,Craig Anderson,L,24,21,58:42
1192,2013-04-11,TBL,PIT,h,Ben Bishop,L,41,35,59:58
1193,2013-04-11,PIT,TBL,@,Tomas Vokoun,W,19,16,59:46
1194,2013-04-21,TBL,CAR,h,Anders Lindback,L,28,25,59:39
1195,2013-04-21,CAR,TBL,@,Dan Ellis,W,37,35,60:00
1196,2013-04-24,TBL,TOR,h,Ben Bishop,W,28,26,60:00
1197,2013-04-24,TOR,TBL,@,James Reimer,L,25,21,59:28
1198,2013-04-27,TBL,FLA,h,Anders Lindback,L,31,27,59:13
1199,2013-04-27,FLA,TBL,@,Jacob Markstrom,W,31,28,60:00
1200,2013-01-19,VAN,ANA,h,Roberto Luongo,\,12,10,33:23
1201,2013-01-19,ANA,VAN,@,Jonas Hiller,W,29,26,60:00
1202,2013-01-20,VAN,EDM,h,Roberto Luongo,O,32,30,65:00
1203,2013-01-20,EDM,VAN,@,Devan Dubnyk,W,29,27,64:51
1204,2013-01-23,VAN,CGY,h,Cory Schneider,W,36,34,64:59
1205,2013-01-23,CGY,VAN,@,Miikka Kiprusoff,O,36,34,64:59
1206,2013-01-30,VAN,COL,h,Roberto Luongo,W,24,24,60:00
1207,2013-01-30,COL,VAN,@,Semyon Varlamov,L,23,20,59:58
1208,2013-02-01,VAN,CHI,h,Roberto Luongo,W,28,27,65:00
1209,2013-02-01,CHI,VAN,@,Corey Crawford,O,22,21,64:52
1210,2013-02-09,VAN,CGY,h,Cory Schneider,W,34,33,59:40
1211,2013-02-09,CGY,VAN,@,Leland Irving,L,31,26,60:00
1212,2013-02-12,VAN,MIN,h,Roberto Luongo,W,26,25,60:00
1213,2013-02-12,MIN,VAN,@,Darcy Kuemper,L,30,28,58:55
1214,2013-02-15,VAN,DAL,h,Cory Schneider,L,29,25,58:47
1215,2013-02-15,DAL,VAN,@,Richard Bachman,W,21,18,45:59
1216,2013-02-17,VAN,STL,h,Roberto Luongo,O,23,20,65:00
1217,2013-02-17,STL,VAN,@,Jake Allen,W,31,28,65:00
1218,2013-02-26,VAN,PHX,h,Cory Schneider,L,21,18,59:11
1219,2013-02-26,PHX,VAN,@,Mike Smith,W,31,29,60:00
1220,2013-03-02,VAN,LAK,h,Cory Schneider,W,30,28,60:00
1221,2013-03-02,LAK,VAN,@,Jonathan Quick,L,23,19,58:24
1222,2013-03-05,VAN,SJS,h,Cory Schneider,O,30,28,65:00
1223,2013-03-05,SJS,VAN,@,Antti Niemi,W,38,36,64:44
1224,2013-03-14,VAN,NSH,h,Roberto Luongo,W,33,29,60:00
1225,2013-03-14,NSH,VAN,@,Chris Mason,L,9,7,33:50
1226,2013-03-16,VAN,DET,h,Roberto Luongo,L,26,21,59:56
1227,2013-03-16,DET,VAN,@,Jimmy Howard,W,35,33,59:58
1228,2013-03-18,VAN,MIN,h,Roberto Luongo,L,25,22,58:03
1229,2013-03-18,MIN,VAN,@,Niklas Backstrom,W,36,35,60:00
1230,2013-03-19,VAN,STL,h,Cory Schneider,W,34,32,59:19
1231,2013-03-19,STL,VAN,@,Jake Allen,L,19,16,59:26
1232,2013-03-26,VAN,CBJ,h,Cory Schneider,W,17,17,65:00
1233,2013-03-26,CBJ,VAN,@,Sergei Bobrovsky,O,34,34,65:00
1234,2013-03-28,VAN,COL,h,Cory Schneider,W,33,32,60:00
1235,2013-03-28,COL,VAN,@,Semyon Varlamov,L,18,16,59:15
1236,2013-04-04,VAN,EDM,h,Cory Schneider,W,23,23,59:29
1237,2013-04-04,EDM,VAN,@,Nikolai Khabibulin,L,28,24,59:32
1238,2013-04-06,VAN,CGY,h,Cory Schneider,W,38,36,59:43
1239,2013-04-06,CGY,VAN,@,Miikka Kiprusoff,L,21,17,58:25
1240,2013-04-08,VAN,PHX,h,Cory Schneider,W,19,19,60:00
1241,2013-04-08,PHX,VAN,@,Mike Smith,L,41,40,58:33
1242,2013-04-20,VAN,DET,h,Cory Schneider,W,34,33,64:58
1243,2013-04-20,DET,VAN,@,Jimmy Howard,O,14,13,64:52
1244,2013-04-22,VAN,CHI,h,Cory Schneider,W,25,24,59:13
1245,2013-04-22,CHI,VAN,@,Corey Crawford,L,32,29,57:30
1246,2013-04-25,VAN,ANA,h,Roberto Luongo,L,29,27,59:12
1247,2013-04-25,ANA,VAN,@,Jonas Hiller,W,29,28,60:00
1248,2013-01-22,WSH,WPG,h,Braden Holtby,L,39,35,59:22
1249,2013-01-22,WPG,WSH,@,Ondrej Pavelec,W,34,32,60:00
1250,2013-01-24,WSH,MTL,h,Michal Neuvirth,L,22,18,60:00
1251,2013-01-24,MTL,WSH,@,Carey Price,W,31,30,60:00
1252,2013-01-27,WSH,BUF,h,Michal Neuvirth,W,24,22,60:00
1253,2013-01-27,BUF,WSH,@,Ryan Miller,L,30,27,58:44
1254,2013-02-01,WSH,PHI,h,Braden Holtby,W,31,29,60:00
1255,2013-02-01,PHI,WSH,@,Ilya Bryzgalov,L,26,23,59:02
1256,2013-02-03,WSH,PIT,h,Braden Holtby,L,26,20,59:56
1257,2013-02-03,PIT,WSH,@,Tomas Vokoun,W,24,21,60:00
1258,2013-02-05,WSH,TOR,h,Michal Neuvirth,L,21,18,58:32
1259,2013-02-05,TOR,WSH,@,Ben Scrivens,W,26,24,60:00
1260,2013-02-09,WSH,FLA,h,Braden Holtby,W,27,27,60:00
1261,2013-02-09,FLA,WSH,@,Jose Theodore,L,21,16,49:21
1262,2013-02-21,WSH,NJD,h,Braden Holtby,L,37,34,58:33
1263,2013-02-21,NJD,WSH,@,Martin Brodeur,W,19,17,59:38
1264,2013-02-23,WSH,NJD,h,Braden Holtby,W,22,21,59:55
1265,2013-02-23,NJD,WSH,@,Johan Hedberg,L,26,21,59:59
1266,2013-02-26,WSH,CAR,h,Braden Holtby,W,33,33,59:53
1267,2013-02-26,CAR,WSH,@,Cam Ward,L,40,37,60:00
1268,2013-03-05,WSH,BOS,h,Braden Holtby,W,33,30,60:37
1269,2013-03-05,BOS,WSH,@,Tuukka Rask,O,26,22,60:34
1270,2013-03-07,WSH,FLA,h,Braden Holtby,W,30,29,60:00
1271,2013-03-07,FLA,WSH,@,Scott Clemmensen,\,24,19,56:29
1272,2013-03-10,WSH,NYR,h,Braden Holtby,L,19,16,31:34
1273,2013-03-10,NYR,WSH,@,Martin Biron,W,29,28,60:00
1274,2013-03-12,WSH,CAR,h,Braden Holtby,L,35,32,59:45
1275,2013-03-12,CAR,WSH,@,Justin Peters,W,26,26,60:00
1276,2013-03-17,WSH,BUF,h,Braden Holtby,W,30,27,60:00
1277,2013-03-17,BUF,WSH,@,Ryan Miller,L,25,20,58:41
1278,2013-03-26,WSH,NYI,h,Braden Holtby,L,31,28,58:19
1279,2013-03-26,NYI,WSH,@,Evgeni Nabokov,W,22,20,60:00
1280,2013-04-04,WSH,NYI,h,Braden Holtby,W,36,35,65:00
1281,2013-04-04,NYI,WSH,@,Evgeni Nabokov,O,22,21,65:00
1282,2013-04-07,WSH,TBL,h,Michal Neuvirth,W,30,28,60:00
1283,2013-04-07,TBL,WSH,@,Ben Bishop,L,37,34,59:09
1284,2013-04-11,WSH,CAR,h,Braden Holtby,W,44,43,60:00
1285,2013-04-11,CAR,WSH,@,Justin Peters,L,30,28,58:40
1286,2013-04-13,WSH,TBL,h,Braden Holtby,W,40,35,62:59
1287,2013-04-13,TBL,WSH,@,Mathieu Garon,O,18,15,42:34
1288,2013-04-16,WSH,TOR,h,Braden Holtby,W,30,29,59:51
1289,2013-04-16,TOR,WSH,@,Ben Scrivens,L,37,32,59:20
1290,2013-04-23,WSH,WPG,h,Braden Holtby,W,27,24,60:00
1291,2013-04-23,WPG,WSH,@,Ondrej Pavelec,L,40,36,59:37
1292,2013-04-25,WSH,OTT,h,Michal Neuvirth,O,41,39,60:47
1293,2013-04-25,OTT,WSH,@,Craig Anderson,W,20,19,60:33
1294,2013-04-27,WSH,BOS,h,Braden Holtby,W,34,32,63:22
1295,2013-04-27,BOS,WSH,@,Tuukka Rask,O,37,34,63:23
1296,2013-01-19,WPG,OTT,h,Ondrej Pavelec,L,37,33,60:00
1297,2013-01-19,OTT,WPG,@,Craig Anderson,W,28,27,59:58
1298,2013-01-25,WPG,PIT,h,Ondrej Pavelec,W,35,33,60:00
1299,2013-01-25,PIT,WPG,@,Tomas Vokoun,L,31,28,59:02
1300,2013-01-27,WPG,NYI,h,Al Montoya,W,25,21,61:58
1301,2013-01-27,NYI,WPG,@,Evgeni Nabokov,O,35,30,61:59
1302,2013-02-05,WPG,FLA,h,Ondrej Pavelec,W,19,17,64:41
1303,2013-02-05,FLA,WPG,@,Scott Clemmensen,O,21,18,64:44
1304,2013-02-07,WPG,TOR,h,Ondrej Pavelec,L,18,15,59:11
1305,2013-02-07,TOR,WPG,@,James Reimer,W,25,23,60:00
1306,2013-02-12,WPG,PHI,h,Al Montoya,\,12,10,40:00
1307,2013-02-12,PHI,WPG,@,Ilya Bryzgalov,W,26,24,60:00
1308,2013-02-15,WPG,PIT,h,Ondrej Pavelec,L,27,25,58:51
1309,2013-02-15,PIT,WPG,@,Marc-Andre Fleury,W,26,25,60:00
1310,2013-02-17,WPG,BOS,h,Ondrej Pavelec,L,26,23,58:47
1311,2013-02-17,BOS,WPG,@,Tuukka Rask,W,24,22,60:00
1312,2013-02-28,WPG,NJD,h,Ondrej Pavelec,W,23,22,60:00
1313,2013-02-28,NJD,WPG,@,Johan Hedberg,L,20,18,59:15
1314,2013-03-02,WPG,WSH,h,Ondrej Pavelec,L,21,18,59:56
1315,2013-03-02,WSH,WPG,@,Braden Holtby,W,35,35,60:00
1316,2013-03-12,WPG,TOR,h,Ondrej Pavelec,W,26,24,60:00
1317,2013-03-12,TOR,WPG,@,James Reimer,L,28,24,51:16
1318,2013-03-14,WPG,NYR,h,Ondrej Pavelec,W,29,28,59:53
1319,2013-03-14,NYR,WPG,@,Henrik Lundqvist,L,32,30,59:05
1320,2013-03-19,WPG,BOS,h,Ondrej Pavelec,W,28,27,60:00
1321,2013-03-19,BOS,WPG,@,Tuukka Rask,L,24,22,59:02
1322,2013-03-21,WPG,WSH,h,Ondrej Pavelec,L,25,21,59:47
1323,2013-03-21,WSH,WPG,@,Braden Holtby,W,20,20,60:00
1324,2013-03-22,WPG,WSH,h,Al Montoya,\,15,12,34:06
1325,2013-03-22,WSH,WPG,@,Braden Holtby,W,31,30,60:00
1326,2013-03-24,WPG,TBL,h,Ondrej Pavelec,W,25,23,60:00
1327,2013-03-24,TBL,WPG,@,Cedrick Desjardins,L,24,21,58:58
1328,2013-03-30,WPG,CAR,h,Ondrej Pavelec,L,28,25,58:18
1329,2013-03-30,CAR,WPG,@,Justin Peters,W,35,34,60:00
1330,2013-04-06,WPG,PHI,h,Ondrej Pavelec,W,31,30,59:47
1331,2013-04-06,PHI,WPG,@,Ilya Bryzgalov,L,16,12,40:00
1332,2013-04-09,WPG,BUF,h,Ondrej Pavelec,W,30,29,60:00
1333,2013-04-09,BUF,WPG,@,Ryan Miller,L,29,26,58:21
1334,2013-04-11,WPG,FLA,h,Ondrej Pavelec,W,27,25,60:00
1335,2013-04-11,FLA,WPG,@,Jacob Markstrom,L,23,17,31:58
1336,2013-04-16,WPG,TBL,h,Ondrej Pavelec,W,27,24,65:00
1337,2013-04-16,TBL,WPG,@,Ben Bishop,O,36,33,64:58
1338,2013-04-18,WPG,CAR,h,Ondrej Pavelec,W,27,24,61:16
1339,2013-04-18,CAR,WPG,@,Justin Peters,O,31,27,61:17
1340,2013-04-20,WPG,NYI,h,Ondrej Pavelec,O,33,29,64:53
1341,2013-04-20,NYI,WPG,@,Evgeni Nabokov,W,28,24,64:30
1342,2013-04-25,WPG,MTL,h,Ondrej Pavelec,L,30,26,60:00
1343,2013-04-25,MTL,WPG,@,Carey Price,W,25,23,60:00
1344,2013-01-20,PHX,CHI,h,Mike Smith,L,31,25,60:00
1345,2013-01-20,CHI,PHX,@,Ray Emery,W,29,25,60:00
1346,2013-01-23,PHX,CBJ,h,Jason LaBarbera,W,22,21,49:00
1347,2013-01-23,CBJ,PHX,@,Steve Mason,L,42,37,59:53
1348,2013-01-26,PHX,LAK,h,Jason LaBarbera,L,31,27,57:56
1349,2013-01-26,LAK,PHX,@,Jonathan Quick,W,33,31,60:00
1350,2013-01-28,PHX,NSH,h,Chad Johnson,W,21,21,59:41
1351,2013-01-28,NSH,PHX,@,Pekka Rinne,L,25,21,60:00
1352,2013-01-30,PHX,EDM,h,Chad Johnson,O,21,19,62:47
1353,2013-01-30,EDM,PHX,@,Devan Dubnyk,W,28,27,63:52
1354,2013-02-02,PHX,DAL,h,Mike Smith,W,17,17,60:00
1355,2013-02-02,DAL,PHX,@,Richard Bachman,L,34,32,59:21
1356,2013-02-04,PHX,MIN,h,Mike Smith,W,22,21,60:00
1357,2013-02-04,MIN,PHX,@,Niklas Backstrom,L,34,32,59:05
1358,2013-02-07,PHX,CHI,h,Mike Smith,L,22,16,35:08
1359,2013-02-07,CHI,PHX,@,Ray Emery,W,24,22,59:54
1360,2013-02-16,PHX,CBJ,h,Mike Smith,W,20,17,60:00
1361,2013-02-16,CBJ,PHX,@,Steve Mason,L,34,30,59:44
1362,2013-02-18,PHX,CGY,h,Mike Smith,W,30,30,60:00
1363,2013-02-18,CGY,PHX,@,Daniel Taylor,L,37,33,60:00
1364,2013-02-28,PHX,MIN,h,Mike Smith,L,19,15,40:00
1365,2013-02-28,MIN,PHX,@,Niklas Backstrom,W,28,25,59:57
1366,2013-03-02,PHX,ANA,h,Mike Smith,W,35,31,65:00
1367,2013-03-02,ANA,PHX,@,Viktor Fasth,O,37,33,65:00
1368,2013-03-04,PHX,ANA,h,Mike Smith,W,31,27,64:58
1369,2013-03-04,ANA,PHX,@,Jonas Hiller,O,40,36,64:53
1370,2013-03-07,PHX,STL,h,Mike Smith,L,30,24,60:00
1371,2013-03-07,STL,PHX,@,Jake Allen,W,26,23,60:00
1372,2013-03-09,PHX,DAL,h,Mike Smith,W,21,20,60:00
1373,2013-03-09,DAL,PHX,@,Kari Lehtonen,L,21,19,59:19
1374,2013-03-12,PHX,LAK,h,Mike Smith,W,33,31,59:56
1375,2013-03-12,LAK,PHX,@,Jonathan Quick,L,29,24,59:58
1376,2013-03-21,PHX,VAN,h,Mike Smith,\,17,16,39:59
1377,2013-03-21,VAN,PHX,@,Cory Schneider,W,34,33,59:54
1378,2013-03-25,PHX,DET,h,Jason LaBarbera,L,35,32,58:42
1379,2013-03-25,DET,PHX,@,Jonas Gustavsson,W,30,28,60:00
1380,2013-04-02,PHX,LAK,h,Jason LaBarbera,W,40,39,60:00
1381,2013-04-02,LAK,PHX,@,Jonathan Quick,L,31,28,59:21
1382,2013-04-04,PHX,DET,h,Chad Johnson,W,36,34,60:00
1383,2013-04-04,DET,PHX,@,Jimmy Howard,L,37,34,57:42
1384,2013-04-06,PHX,COL,h,Mike Smith,W,24,24,60:00
1385,2013-04-06,COL,PHX,@,Semyon Varlamov,L,28,24,60:00
1386,2013-04-15,PHX,SJS,h,Jason LaBarbera,L,41,37,59:58
1387,2013-04-15,SJS,PHX,@,Antti Niemi,W,35,35,60:00
1388,2013-04-24,PHX,SJS,h,Mike Smith,W,34,33,59:02
1389,2013-04-24,SJS,PHX,@,Thomas Greiss,L,32,30,58:29
1390,2013-04-26,PHX,COL,h,Mike Smith,O,28,24,65:00
1391,2013-04-26,COL,PHX,@,Jean-Sebastien Giguere,\,31,27,55:44
